StartDate,SleptAt,AwokeAt,Duration
22/04/2013,"April 23, 2013 at 12:40a.m.",23/04/2013 07:04:00,384
23/04/2013,"April 24, 2013 at 03:22a.m.",24/04/2013 09:19:00,357
24/04/2013,"April 25, 2013 at 12:11a.m.",25/04/2013 07:11:00,420
25/04/2013,"April 26, 2013 at 12:26a.m.",26/04/2013 07:14:00,408
26/04/2013,"April 27, 2013 at 12:03a.m.",27/04/2013 07:31:00,448
27/04/2013,"April 28, 2013 at 03:17a.m.",28/04/2013 11:55:00,518
28/04/2013,"April 29, 2013 at 01:28a.m.",29/04/2013 12:56:00,688
29/04/2013,"April 30, 2013 at 01:10a.m.",30/04/2013 07:20:00,370
30/04/2013,"April 30, 2013 at 09:50p.m.",01/05/2013 06:31:00,521
01/05/2013,"May 01, 2013 at 11:47p.m.",02/05/2013 09:37:00,590
02/05/2013,"May 02, 2013 at 11:17p.m.",03/05/2013 07:11:00,474
03/05/2013,"May 03, 2013 at 11:16p.m.",04/05/2013 07:05:00,469
04/05/2013,"May 04, 2013 at 11:53p.m.",05/05/2013 06:01:00,368
05/05/2013,"May 06, 2013 at 12:30a.m.",06/05/2013 12:45:00,735
06/05/2013,"May 07, 2013 at 01:55a.m.",07/05/2013 07:05:00,310
07/05/2013,"May 08, 2013 at 01:18a.m.",08/05/2013 07:08:00,350
08/05/2013,"May 09, 2013 at 12:51a.m.",09/05/2013 07:01:00,370
09/05/2013,"May 09, 2013 at 11:59p.m.",10/05/2013 06:50:00,411
10/05/2013,"May 11, 2013 at 12:06a.m.",11/05/2013 07:00:00,414
11/05/2013,"May 12, 2013 at 02:16a.m.",12/05/2013 09:40:00,444
12/05/2013,"May 12, 2013 at 11:42p.m.",13/05/2013 09:55:00,613
13/05/2013,"May 14, 2013 at 12:52a.m.",14/05/2013 07:26:00,394
14/05/2013,"May 14, 2013 at 11:32p.m.",15/05/2013 07:10:00,458
15/05/2013,"May 16, 2013 at 12:35a.m.",16/05/2013 07:15:00,400
16/05/2013,"May 16, 2013 at 11:10p.m.",17/05/2013 07:26:00,496
17/05/2013,"May 17, 2013 at 11:57p.m.",18/05/2013 06:55:00,418
18/05/2013,"May 18, 2013 at 09:45p.m.",19/05/2013 11:03:00,798
19/05/2013,"May 20, 2013 at 03:30a.m.",20/05/2013 11:43:00,493
20/05/2013,"May 21, 2013 at 12:10a.m.",21/05/2013 07:05:00,415
21/05/2013,"May 21, 2013 at 11:17p.m.",22/05/2013 07:15:00,478
22/05/2013,"May 23, 2013 at 12:42a.m.",23/05/2013 07:14:00,392
23/05/2013,"May 24, 2013 at 12:33a.m.",24/05/2013 07:05:00,392
24/05/2013,"May 25, 2013 at 12:18a.m.",25/05/2013 07:05:00,407
25/05/2013,"May 26, 2013 at 03:57a.m.",26/05/2013 14:43:00,646
26/05/2013,"May 27, 2013 at 02:37a.m.",27/05/2013 09:35:00,418
27/05/2013,"May 28, 2013 at 12:16a.m.",28/05/2013 07:52:00,456
28/05/2013,"May 29, 2013 at 12:26a.m.",29/05/2013 07:05:00,399
29/05/2013,"May 30, 2013 at 12:43a.m.",30/05/2013 07:05:00,382
30/05/2013,"May 31, 2013 at 12:05a.m.",31/05/2013 07:05:00,420
31/05/2013,"May 31, 2013 at 11:47p.m.",01/06/2013 07:03:00,436
01/06/2013,"June 01, 2013 at 11:47p.m.",02/06/2013 10:13:00,626
02/06/2013,"June 03, 2013 at 03:03a.m.",03/06/2013 10:51:00,468
03/06/2013,"June 04, 2013 at 12:17a.m.",04/06/2013 07:06:00,409
04/06/2013,"June 04, 2013 at 11:30p.m.",05/06/2013 06:16:00,406
05/06/2013,"June 05, 2013 at 10:17p.m.",06/06/2013 06:55:00,518
06/06/2013,"June 06, 2013 at 11:10p.m.",07/06/2013 06:06:00,416
07/06/2013,"June 07, 2013 at 11:47p.m.",08/06/2013 07:15:00,448
09/06/2013,"June 10, 2013 at 01:34a.m.",10/06/2013 10:30:00,536
10/06/2013,"June 11, 2013 at 12:20a.m.",11/06/2013 07:15:00,415
11/06/2013,"June 12, 2013 at 12:04a.m.",12/06/2013 05:55:00,351
12/06/2013,"June 12, 2013 at 11:30p.m.",13/06/2013 07:15:00,465
13/06/2013,"June 13, 2013 at 11:08p.m.",14/06/2013 06:11:00,423
14/06/2013,"June 14, 2013 at 10:37p.m.",15/06/2013 06:55:00,498
15/06/2013,"June 16, 2013 at 12:32a.m.",16/06/2013 09:13:00,521
16/06/2013,"June 17, 2013 at 12:01a.m.",17/06/2013 13:01:00,780
17/06/2013,"June 17, 2013 at 11:42p.m.",18/06/2013 07:06:00,444
18/06/2013,"June 18, 2013 at 11:22p.m.",19/06/2013 06:11:00,409
19/06/2013,"June 20, 2013 at 12:34a.m.",20/06/2013 06:56:00,382
20/06/2013,"June 21, 2013 at 12:31a.m.",21/06/2013 09:21:00,530
21/06/2013,"June 22, 2013 at 12:06a.m.",22/06/2013 09:06:00,540
22/06/2013,"June 23, 2013 at 03:28a.m.",23/06/2013 10:27:00,419
23/06/2013,"June 24, 2013 at 04:20a.m.",24/06/2013 09:15:00,295
24/06/2013,"June 24, 2013 at 10:58p.m.",25/06/2013 08:30:00,572
25/06/2013,"June 25, 2013 at 11:16p.m.",26/06/2013 06:20:00,424
26/06/2013,"June 26, 2013 at 10:41p.m.",27/06/2013 07:17:00,516
27/06/2013,"June 28, 2013 at 12:06a.m.",28/06/2013 06:01:00,355
28/06/2013,"June 28, 2013 at 11:02p.m.",29/06/2013 07:26:00,504
29/06/2013,"June 29, 2013 at 11:44p.m.",30/06/2013 07:56:00,492
01/07/2013,"July 01, 2013 at 11:54p.m.",02/07/2013 07:08:00,434
02/07/2013,"July 02, 2013 at 11:26p.m.",03/07/2013 06:15:00,409
03/07/2013,"July 03, 2013 at 11:29p.m.",04/07/2013 07:20:00,471
04/07/2013,"July 04, 2013 at 10:55p.m.",05/07/2013 06:55:00,480
05/07/2013,"July 05, 2013 at 11:02p.m.",06/07/2013 07:24:00,502
06/07/2013,"July 07, 2013 at 12:09a.m.",07/07/2013 09:48:00,579
08/07/2013,"July 09, 2013 at 12:47a.m.",09/07/2013 07:30:00,403
09/07/2013,"July 10, 2013 at 01:03a.m.",10/07/2013 11:56:00,653
10/07/2013,"July 11, 2013 at 12:59a.m.",11/07/2013 07:08:00,369
11/07/2013,"July 11, 2013 at 11:14p.m.",12/07/2013 07:25:00,491
12/07/2013,"July 12, 2013 at 10:56p.m.",13/07/2013 06:40:00,464
13/07/2013,"July 14, 2013 at 05:19a.m.",14/07/2013 16:19:00,660
14/07/2013,"July 15, 2013 at 02:31a.m.",15/07/2013 10:40:00,489
15/07/2013,"July 15, 2013 at 10:39p.m.",16/07/2013 06:24:00,465
16/07/2013,"July 17, 2013 at 01:09a.m.",17/07/2013 07:05:00,356
17/07/2013,"July 18, 2013 at 12:20a.m.",18/07/2013 07:06:00,406
18/07/2013,"July 18, 2013 at 11:28p.m.",19/07/2013 06:55:00,447
19/07/2013,"July 19, 2013 at 11:18p.m.",20/07/2013 07:25:00,487
20/07/2013,"July 21, 2013 at 02:14a.m.",21/07/2013 14:09:00,715
21/07/2013,"July 22, 2013 at 02:09a.m.",22/07/2013 10:17:00,488
22/07/2013,"July 22, 2013 at 11:50p.m.",23/07/2013 06:55:00,425
23/07/2013,"July 23, 2013 at 10:42p.m.",24/07/2013 07:14:00,512
24/07/2013,"July 24, 2013 at 09:58p.m.",25/07/2013 06:30:00,512
08/10/2013,"October 09, 2013 at 12:17a.m.",09/10/2013 07:41:00,444
09/10/2013,"October 10, 2013 at 12:20a.m.",10/10/2013 07:40:00,440
10/10/2013,"October 10, 2013 at 11:34p.m.",11/10/2013 08:26:00,532
11/10/2013,"October 11, 2013 at 11:52p.m.",12/10/2013 06:18:00,386
12/10/2013,"October 12, 2013 at 10:17p.m.",13/10/2013 09:14:00,657
13/10/2013,"October 14, 2013 at 01:47a.m.",14/10/2013 10:47:00,540
14/10/2013,"October 15, 2013 at 05:15a.m.",15/10/2013 09:51:00,276
15/10/2013,"October 15, 2013 at 10:36p.m.",16/10/2013 06:30:00,474
16/10/2013,"October 16, 2013 at 11:07p.m.",17/10/2013 06:43:00,456
17/10/2013,"October 17, 2013 at 10:56p.m.",18/10/2013 06:45:00,469
18/10/2013,"October 18, 2013 at 11:42p.m.",19/10/2013 06:45:00,423
19/10/2013,"October 19, 2013 at 11:04p.m.",20/10/2013 06:45:00,461
20/10/2013,"October 21, 2013 at 01:20a.m.",21/10/2013 11:26:00,606
21/10/2013,"October 21, 2013 at 10:56p.m.",22/10/2013 06:00:00,424
22/10/2013,"October 23, 2013 at 12:45a.m.",23/10/2013 07:00:00,375
23/10/2013,"October 23, 2013 at 11:23p.m.",24/10/2013 06:29:00,426
24/10/2013,"October 24, 2013 at 11:44p.m.",25/10/2013 06:45:00,421
25/10/2013,"October 25, 2013 at 11:33p.m.",26/10/2013 06:30:00,417
27/10/2013,"October 28, 2013 at 12:59a.m.",28/10/2013 12:07:00,668
14/11/2013,"November 14, 2013 at 10:41p.m.",15/11/2013 05:56:00,435
15/11/2013,"November 15, 2013 at 08:41p.m.",16/11/2013 05:11:00,510
16/11/2013,"November 17, 2013 at 01:42a.m.",17/11/2013 08:30:00,408
17/11/2013,"November 18, 2013 at 12:57a.m.",18/11/2013 08:31:00,454
18/11/2013,"November 18, 2013 at 10:36p.m.",19/11/2013 05:34:00,418
19/11/2013,"November 19, 2013 at 10:17p.m.",20/11/2013 05:46:00,449
20/11/2013,"November 20, 2013 at 10:36p.m.",21/11/2013 05:42:00,426
21/11/2013,"November 21, 2013 at 10:06p.m.",22/11/2013 05:35:00,449
22/11/2013,"November 22, 2013 at 10:28p.m.",23/11/2013 05:35:00,427
23/11/2013,"November 23, 2013 at 11:14p.m.",24/11/2013 05:40:00,386
24/11/2013,"November 25, 2013 at 01:44a.m.",25/11/2013 10:29:00,525
25/11/2013,"November 25, 2013 at 11:23p.m.",26/11/2013 09:10:00,587
26/11/2013,"November 26, 2013 at 10:34p.m.",27/11/2013 05:35:00,421
27/11/2013,"November 27, 2013 at 10:15p.m.",28/11/2013 05:10:00,415
28/11/2013,"November 28, 2013 at 10:27p.m.",29/11/2013 05:41:00,434
29/11/2013,"November 29, 2013 at 11:04p.m.",30/11/2013 05:41:00,397
30/11/2013,"December 01, 2013 at 12:19a.m.",01/12/2013 08:20:00,481
01/12/2013,"December 02, 2013 at 02:32a.m.",02/12/2013 09:30:00,418
02/12/2013,"December 02, 2013 at 10:46p.m.",03/12/2013 05:44:00,418
03/12/2013,"December 03, 2013 at 10:50p.m.",04/12/2013 04:30:00,340
04/12/2013,"December 04, 2013 at 11:43p.m.",05/12/2013 05:49:00,366
05/12/2013,"December 05, 2013 at 11:13p.m.",06/12/2013 05:50:00,397
06/12/2013,"December 06, 2013 at 10:54p.m.",07/12/2013 05:38:00,404
07/12/2013,"December 07, 2013 at 10:45p.m.",08/12/2013 08:00:00,555
08/12/2013,"December 09, 2013 at 03:35a.m.",09/12/2013 08:31:00,296
09/12/2013,"December 09, 2013 at 10:26p.m.",10/12/2013 05:35:00,429
10/12/2013,"December 10, 2013 at 10:11p.m.",11/12/2013 05:15:00,424
11/12/2013,"December 11, 2013 at 10:31p.m.",12/12/2013 05:33:00,422
12/12/2013,"December 12, 2013 at 10:51p.m.",13/12/2013 05:45:00,414
13/12/2013,"December 13, 2013 at 10:21p.m.",14/12/2013 05:44:00,443
14/12/2013,"December 15, 2013 at 12:04a.m.",15/12/2013 11:17:00,673
15/12/2013,"December 16, 2013 at 01:03a.m.",16/12/2013 09:10:00,487
16/12/2013,"December 16, 2013 at 11:21p.m.",17/12/2013 05:44:00,383
17/12/2013,"December 17, 2013 at 11:49p.m.",18/12/2013 05:47:00,358
18/12/2013,"December 18, 2013 at 10:27p.m.",19/12/2013 05:41:00,434
19/12/2013,"December 19, 2013 at 10:59p.m.",20/12/2013 05:47:00,408
20/12/2013,"December 20, 2013 at 10:09p.m.",21/12/2013 05:26:00,437
21/12/2013,"December 22, 2013 at 11:49p.m.",23/12/2013 11:30:00,701
16/01/2014,"January 16, 2014 at 10:22p.m.",17/01/2014 06:10:00,468
17/01/2014,"January 17, 2014 at 10:29p.m.",18/01/2014 05:58:00,449
18/01/2014,"January 18, 2014 at 10:48p.m.",19/01/2014 08:22:00,574
20/01/2014,"January 20, 2014 at 10:37p.m.",21/01/2014 06:10:00,453
21/01/2014,"January 21, 2014 at 09:51p.m.",22/01/2014 06:10:00,499
22/01/2014,"January 22, 2014 at 11:09p.m.",23/01/2014 06:10:00,421
23/01/2014,"January 23, 2014 at 11:18p.m.",24/01/2014 06:15:00,417
24/01/2014,"January 24, 2014 at 09:37p.m.",25/01/2014 06:11:00,514
25/01/2014,"January 26, 2014 at 02:16a.m.",26/01/2014 06:55:00,279
26/01/2014,"January 27, 2014 at 12:50a.m.",27/01/2014 09:15:00,505
27/01/2014,"January 27, 2014 at 09:55p.m.",28/01/2014 05:50:00,475
28/01/2014,"January 28, 2014 at 09:32p.m.",29/01/2014 06:12:00,520
30/01/2014,"January 30, 2014 at 11:38p.m.",31/01/2014 06:12:00,394
31/01/2014,"February 01, 2014 at 12:19a.m.",01/02/2014 06:13:00,354
01/02/2014,"February 01, 2014 at 10:52p.m.",02/02/2014 06:56:00,484
02/02/2014,"February 03, 2014 at 12:14a.m.",03/02/2014 06:59:00,405
03/02/2014,"February 03, 2014 at 08:39p.m.",04/02/2014 06:11:00,572
04/02/2014,"February 05, 2014 at 12:27a.m.",05/02/2014 06:12:00,345
05/02/2014,"February 05, 2014 at 09:19p.m.",06/02/2014 06:04:00,525
06/02/2014,"February 06, 2014 at 10:05p.m.",07/02/2014 06:20:00,495
07/02/2014,"February 07, 2014 at 10:13p.m.",08/02/2014 05:51:00,458
08/02/2014,"February 08, 2014 at 11:30p.m.",09/02/2014 07:15:00,465
09/02/2014,"February 10, 2014 at 01:20a.m.",10/02/2014 10:32:00,552
10/02/2014,"February 10, 2014 at 10:28p.m.",11/02/2014 06:11:00,463
11/02/2014,"February 11, 2014 at 11:10p.m.",12/02/2014 06:03:00,413
12/02/2014,"February 12, 2014 at 10:23p.m.",13/02/2014 05:45:00,442
13/02/2014,"February 14, 2014 at 12:08a.m.",14/02/2014 06:18:00,370
14/02/2014,"February 15, 2014 at 02:15a.m.",15/02/2014 06:06:00,231
15/02/2014,"February 15, 2014 at 11:00p.m.",16/02/2014 09:00:00,600
16/02/2014,"February 16, 2014 at 10:14p.m.",17/02/2014 09:11:00,657
17/02/2014,"February 18, 2014 at 01:16a.m.",18/02/2014 06:12:00,296
18/02/2014,"February 18, 2014 at 11:06p.m.",19/02/2014 05:50:00,404
19/02/2014,"February 19, 2014 at 09:02p.m.",20/02/2014 05:50:00,528
20/02/2014,"February 20, 2014 at 11:10p.m.",21/02/2014 05:50:00,400
21/02/2014,"February 22, 2014 at 01:17a.m.",22/02/2014 05:59:00,282
22/02/2014,"February 23, 2014 at 06:01a.m.",23/02/2014 09:40:00,219
24/02/2014,"February 24, 2014 at 11:10p.m.",25/02/2014 05:50:00,400
25/02/2014,"February 25, 2014 at 11:28p.m.",26/02/2014 06:03:00,395
26/02/2014,"February 26, 2014 at 10:50p.m.",27/02/2014 06:12:00,442
27/02/2014,"February 27, 2014 at 09:50p.m.",28/02/2014 06:12:00,502
28/02/2014,"February 28, 2014 at 10:50p.m.",01/03/2014 06:12:00,442
01/03/2014,"March 02, 2014 at 02:24a.m.",02/03/2014 12:02:00,578
02/03/2014,"March 02, 2014 at 10:19p.m.",03/03/2014 10:17:00,718
03/03/2014,"March 04, 2014 at 04:32a.m.",04/03/2014 13:42:00,550
04/03/2014,"March 05, 2014 at 03:26a.m.",05/03/2014 10:55:00,449
05/03/2014,"March 05, 2014 at 09:59p.m.",06/03/2014 06:08:00,489
06/03/2014,"March 06, 2014 at 09:16p.m.",07/03/2014 06:12:00,536
07/03/2014,"March 07, 2014 at 10:48p.m.",08/03/2014 06:11:00,443
08/03/2014,"March 09, 2014 at 03:56a.m.",09/03/2014 12:40:00,524
09/03/2014,"March 10, 2014 at 02:13a.m.",10/03/2014 11:35:00,562
10/03/2014,"March 10, 2014 at 11:31p.m.",11/03/2014 07:11:00,460
11/03/2014,"March 11, 2014 at 11:39p.m.",12/03/2014 07:11:00,452
12/03/2014,"March 12, 2014 at 11:05p.m.",13/03/2014 09:49:00,644
13/03/2014,"March 13, 2014 at 11:14p.m.",14/03/2014 07:11:00,477
14/03/2014,"March 14, 2014 at 11:21p.m.",15/03/2014 07:12:00,471
15/03/2014,"March 16, 2014 at 02:38a.m.",16/03/2014 11:40:00,542
16/03/2014,"March 17, 2014 at 01:56a.m.",17/03/2014 07:59:00,363
17/03/2014,"March 17, 2014 at 09:39p.m.",18/03/2014 06:54:00,555
18/03/2014,"March 19, 2014 at 12:40a.m.",19/03/2014 07:11:00,391
19/03/2014,"March 19, 2014 at 11:56p.m.",20/03/2014 07:02:00,426
20/03/2014,"March 20, 2014 at 11:47p.m.",21/03/2014 06:55:00,428
21/03/2014,"March 22, 2014 at 12:35a.m.",22/03/2014 07:08:00,393
22/03/2014,"March 23, 2014 at 03:06a.m.",23/03/2014 10:59:00,473
23/03/2014,"March 24, 2014 at 12:35a.m.",24/03/2014 10:10:00,575
24/03/2014,"March 25, 2014 at 01:16a.m.",25/03/2014 11:25:00,609
25/03/2014,"March 26, 2014 at 12:17a.m.",26/03/2014 07:07:00,410
26/03/2014,"March 27, 2014 at 12:02a.m.",27/03/2014 07:06:00,424
27/03/2014,"March 28, 2014 at 12:14a.m.",28/03/2014 07:15:00,421
28/03/2014,"March 29, 2014 at 12:08a.m.",29/03/2014 07:02:00,414
29/03/2014,"March 30, 2014 at 04:25a.m.",30/03/2014 06:51:00,146
30/03/2014,"March 31, 2014 at 01:47a.m.",31/03/2014 10:52:00,545
31/03/2014,"April 01, 2014 at 12:03a.m.",01/04/2014 07:01:00,418
01/04/2014,"April 01, 2014 at 11:22p.m.",02/04/2014 07:05:00,463
02/04/2014,"April 03, 2014 at 05:11a.m.",03/04/2014 12:41:00,450
03/04/2014,"April 04, 2014 at 12:05a.m.",04/04/2014 07:10:00,425
04/04/2014,"April 05, 2014 at 12:31a.m.",05/04/2014 06:58:00,387
05/04/2014,"April 06, 2014 at 03:01a.m.",06/04/2014 10:53:00,472
06/04/2014,"April 07, 2014 at 04:05a.m.",07/04/2014 09:23:00,318
07/04/2014,"April 08, 2014 at 12:16a.m.",08/04/2014 06:07:00,351
08/04/2014,"April 09, 2014 at 12:29a.m.",09/04/2014 07:18:00,409
09/04/2014,"April 10, 2014 at 12:13a.m.",10/04/2014 06:57:00,404
10/04/2014,"April 11, 2014 at 12:08a.m.",11/04/2014 07:23:00,435
11/04/2014,"April 11, 2014 at 11:52p.m.",12/04/2014 07:02:00,430
12/04/2014,"April 13, 2014 at 03:58a.m.",13/04/2014 10:36:00,398
13/04/2014,"April 13, 2014 at 10:45p.m.",14/04/2014 10:41:00,716
14/04/2014,"April 15, 2014 at 12:57a.m.",15/04/2014 07:15:00,378
15/04/2014,"April 16, 2014 at 12:58a.m.",16/04/2014 07:07:00,369
16/04/2014,"April 16, 2014 at 11:45p.m.",17/04/2014 07:24:00,459
17/04/2014,"April 18, 2014 at 01:13a.m.",18/04/2014 06:35:00,322
18/04/2014,"April 18, 2014 at 11:00p.m.",19/04/2014 08:15:00,555
19/04/2014,"April 19, 2014 at 11:35p.m.",20/04/2014 08:53:00,558
20/04/2014,"April 21, 2014 at 12:52a.m.",21/04/2014 07:48:00,416
21/04/2014,"April 21, 2014 at 10:32p.m.",22/04/2014 06:43:00,491
22/04/2014,"April 22, 2014 at 11:55p.m.",23/04/2014 06:57:00,422
23/04/2014,"April 23, 2014 at 07:05p.m.",24/04/2014 07:05:00,720
24/04/2014,"April 25, 2014 at 12:18a.m.",25/04/2014 07:14:00,416
25/04/2014,"April 26, 2014 at 01:39a.m.",26/04/2014 06:57:00,318
26/04/2014,"April 27, 2014 at 04:10a.m.",27/04/2014 10:48:00,398
27/04/2014,"April 28, 2014 at 02:25a.m.",28/04/2014 10:40:00,495
28/04/2014,"April 29, 2014 at 01:15a.m.",29/04/2014 07:18:00,363
29/04/2014,"April 29, 2014 at 11:33p.m.",30/04/2014 07:09:00,456
30/04/2014,"April 30, 2014 at 11:49p.m.",01/05/2014 06:57:00,428
01/05/2014,"May 02, 2014 at 12:07a.m.",02/05/2014 10:14:00,607
02/05/2014,"May 03, 2014 at 02:42a.m.",03/05/2014 10:41:00,479
03/05/2014,"May 04, 2014 at 05:00a.m.",04/05/2014 10:40:00,340
04/05/2014,"May 05, 2014 at 04:02a.m.",05/05/2014 14:00:00,598
05/05/2014,"May 05, 2014 at 10:24p.m.",06/05/2014 06:57:00,513
06/05/2014,"May 07, 2014 at 02:25a.m.",07/05/2014 07:04:00,279
07/05/2014,"May 07, 2014 at 11:15p.m.",08/05/2014 07:11:00,476
08/05/2014,"May 09, 2014 at 12:08a.m.",09/05/2014 07:01:00,413
09/05/2014,"May 10, 2014 at 12:04a.m.",10/05/2014 07:08:00,424
10/05/2014,"May 11, 2014 at 01:25a.m.",11/05/2014 08:29:00,424
11/05/2014,"May 12, 2014 at 01:36a.m.",12/05/2014 10:01:00,505
12/05/2014,"May 12, 2014 at 11:57p.m.",13/05/2014 06:21:00,384
13/05/2014,"May 14, 2014 at 12:46a.m.",14/05/2014 06:57:00,371
14/05/2014,"May 14, 2014 at 09:42p.m.",15/05/2014 07:16:00,574
15/05/2014,"May 16, 2014 at 12:20a.m.",16/05/2014 06:59:00,399
16/05/2014,"May 16, 2014 at 11:57p.m.",17/05/2014 07:15:00,438
17/05/2014,"May 17, 2014 at 11:38p.m.",18/05/2014 10:23:00,645
18/05/2014,"May 19, 2014 at 03:43a.m.",19/05/2014 09:38:00,355
19/05/2014,"May 19, 2014 at 11:26p.m.",20/05/2014 06:56:00,450
20/05/2014,"May 21, 2014 at 12:52a.m.",21/05/2014 06:57:00,365
21/05/2014,"May 21, 2014 at 10:56p.m.",22/05/2014 06:58:00,482
22/05/2014,"May 22, 2014 at 11:47p.m.",23/05/2014 06:57:00,430
23/05/2014,"May 23, 2014 at 11:37p.m.",24/05/2014 07:11:00,454
24/05/2014,"May 24, 2014 at 11:06p.m.",25/05/2014 06:37:00,451
25/05/2014,"May 26, 2014 at 01:14a.m.",26/05/2014 08:36:00,442
26/05/2014,"May 27, 2014 at 12:16a.m.",27/05/2014 07:00:00,404
27/05/2014,"May 27, 2014 at 11:05p.m.",28/05/2014 06:57:00,472
28/05/2014,"May 28, 2014 at 11:35p.m.",29/05/2014 06:59:00,444
29/05/2014,"May 29, 2014 at 11:21p.m.",30/05/2014 07:57:00,516
30/05/2014,"May 31, 2014 at 12:09a.m.",31/05/2014 08:46:00,517
31/05/2014,"June 01, 2014 at 02:48a.m.",01/06/2014 13:50:00,662
01/06/2014,"June 02, 2014 at 01:21a.m.",02/06/2014 13:40:00,739
02/06/2014,"June 03, 2014 at 02:39a.m.",03/06/2014 10:08:00,449
03/06/2014,"June 04, 2014 at 01:00a.m.",04/06/2014 10:18:00,558
04/06/2014,"June 04, 2014 at 10:30p.m.",05/06/2014 06:13:00,463
05/06/2014,"June 06, 2014 at 12:00a.m.",06/06/2014 07:57:00,477
06/06/2014,"June 07, 2014 at 01:00a.m.",07/06/2014 09:11:00,491
07/06/2014,"June 08, 2014 at 04:50a.m.",08/06/2014 11:45:00,415
08/06/2014,"June 09, 2014 at 04:15a.m.",09/06/2014 10:49:00,394
09/06/2014,"June 10, 2014 at 02:37a.m.",10/06/2014 09:08:00,391
10/06/2014,"June 10, 2014 at 11:28p.m.",11/06/2014 06:12:00,404
11/06/2014,"June 11, 2014 at 10:44p.m.",12/06/2014 08:07:00,563
12/06/2014,"June 13, 2014 at 12:25a.m.",13/06/2014 07:53:00,448
13/06/2014,"June 14, 2014 at 01:14a.m.",14/06/2014 07:16:00,362
14/06/2014,"June 14, 2014 at 11:14p.m.",15/06/2014 11:30:00,736
15/06/2014,"June 16, 2014 at 03:48a.m.",16/06/2014 09:37:00,349
16/06/2014,"June 17, 2014 at 01:08a.m.",17/06/2014 11:05:00,597
17/06/2014,"June 18, 2014 at 12:41a.m.",18/06/2014 10:07:00,566
18/06/2014,"June 19, 2014 at 12:43a.m.",19/06/2014 07:34:00,411
19/06/2014,"June 19, 2014 at 11:28p.m.",20/06/2014 07:34:00,486
20/06/2014,"June 21, 2014 at 01:12a.m.",21/06/2014 09:07:00,475
21/06/2014,"June 21, 2014 at 11:14p.m.",22/06/2014 05:59:00,405
22/06/2014,"June 23, 2014 at 05:02a.m.",23/06/2014 09:05:00,243
23/06/2014,"June 23, 2014 at 04:00p.m.",24/06/2014 08:00:00,960
24/06/2014,"June 25, 2014 at 03:11a.m.",25/06/2014 09:44:00,393
25/06/2014,"June 26, 2014 at 01:01a.m.",26/06/2014 08:23:00,442
26/06/2014,"June 27, 2014 at 12:25a.m.",27/06/2014 07:00:00,395
27/06/2014,"June 28, 2014 at 01:16a.m.",28/06/2014 09:24:00,488
28/06/2014,"June 29, 2014 at 03:58a.m.",29/06/2014 15:12:00,674
29/06/2014,"June 30, 2014 at 03:48a.m.",30/06/2014 12:25:00,517
30/06/2014,"July 01, 2014 at 03:50a.m.",01/07/2014 10:04:00,374
01/07/2014,"July 02, 2014 at 02:42a.m.",02/07/2014 08:43:00,361
02/07/2014,"July 03, 2014 at 12:38a.m.",03/07/2014 09:00:00,502
03/07/2014,"July 04, 2014 at 12:22a.m.",04/07/2014 08:38:00,496
04/07/2014,"July 05, 2014 at 01:21a.m.",05/07/2014 09:03:00,462
06/07/2014,"July 07, 2014 at 02:48a.m.",07/07/2014 13:01:00,613
07/07/2014,"July 08, 2014 at 02:20a.m.",08/07/2014 10:36:00,496
08/07/2014,"July 09, 2014 at 01:43a.m.",09/07/2014 12:44:00,661
09/07/2014,"July 09, 2014 at 07:02a.m.",09/07/2014 11:25:00,263
10/07/2014,"July 11, 2014 at 12:01a.m.",11/07/2014 11:35:00,694
11/07/2014,"July 12, 2014 at 01:16a.m.",12/07/2014 09:26:00,490
12/07/2014,"July 12, 2014 at 11:48p.m.",13/07/2014 10:53:00,665
13/07/2014,"July 14, 2014 at 01:19a.m.",14/07/2014 11:49:00,630
14/07/2014,"July 14, 2014 at 11:02a.m.",14/07/2014 18:24:00,442
15/07/2014,"July 16, 2014 at 03:53a.m.",16/07/2014 12:32:00,519
16/07/2014,"July 17, 2014 at 01:50a.m.",17/07/2014 10:43:00,533
17/07/2014,"July 18, 2014 at 12:27a.m.",18/07/2014 07:20:00,413
18/07/2014,"July 19, 2014 at 03:49a.m.",19/07/2014 22:40:00,1131
19/07/2014,"July 20, 2014 at 05:00a.m.",20/07/2014 11:40:00,400
20/07/2014,"July 21, 2014 at 02:48a.m.",21/07/2014 08:30:00,342
21/07/2014,"July 22, 2014 at 12:33a.m.",22/07/2014 08:43:00,490
22/07/2014,"July 23, 2014 at 01:09a.m.",23/07/2014 10:30:00,561
23/07/2014,"July 24, 2014 at 01:27a.m.",24/07/2014 10:30:00,543
24/07/2014,"July 25, 2014 at 02:32a.m.",25/07/2014 11:14:00,522
25/07/2014,"July 26, 2014 at 12:54a.m.",26/07/2014 10:56:00,602
26/07/2014,"July 27, 2014 at 05:24a.m.",27/07/2014 12:14:00,410
27/07/2014,"July 28, 2014 at 02:00a.m.",28/07/2014 14:11:00,731
28/07/2014,"July 29, 2014 at 02:23a.m.",29/07/2014 13:55:00,692
29/07/2014,"July 30, 2014 at 01:05a.m.",30/07/2014 09:04:00,479
30/07/2014,"July 31, 2014 at 01:48a.m.",31/07/2014 12:53:00,665
31/07/2014,"August 01, 2014 at 01:46a.m.",01/08/2014 07:19:00,333
01/08/2014,"August 02, 2014 at 01:18a.m.",02/08/2014 10:24:00,546
02/08/2014,"August 03, 2014 at 03:51a.m.",03/08/2014 15:12:00,681
03/08/2014,"August 04, 2014 at 04:44a.m.",04/08/2014 12:35:00,471
04/08/2014,"August 05, 2014 at 04:11a.m.",05/08/2014 10:54:00,403
05/08/2014,"August 06, 2014 at 01:15a.m.",06/08/2014 06:21:00,306
06/08/2014,"August 07, 2014 at 12:37a.m.",07/08/2014 07:02:00,385
07/08/2014,"August 08, 2014 at 12:01a.m.",08/08/2014 07:38:00,457
08/08/2014,"August 09, 2014 at 01:49a.m.",09/08/2014 07:36:00,347
09/08/2014,"August 09, 2014 at 11:31p.m.",10/08/2014 07:40:00,489
10/08/2014,"August 11, 2014 at 12:51a.m.",11/08/2014 07:44:00,413
11/08/2014,"August 12, 2014 at 12:40a.m.",12/08/2014 07:46:00,426
12/08/2014,"August 13, 2014 at 12:07a.m.",13/08/2014 08:31:00,504
13/08/2014,"August 14, 2014 at 01:22a.m.",14/08/2014 09:13:00,471
14/08/2014,"August 14, 2014 at 08:15a.m.",14/08/2014 14:31:00,376
15/08/2014,"August 16, 2014 at 03:41a.m.",16/08/2014 12:03:00,502
16/08/2014,"August 17, 2014 at 01:00a.m.",17/08/2014 13:10:00,730
17/08/2014,"August 18, 2014 at 01:39a.m.",18/08/2014 12:52:00,673
18/08/2014,"August 19, 2014 at 03:18a.m.",19/08/2014 14:23:00,665
19/08/2014,"August 19, 2014 at 09:30a.m.",19/08/2014 10:53:00,83
20/08/2014,"August 21, 2014 at 03:51a.m.",21/08/2014 10:54:00,423
21/08/2014,"August 22, 2014 at 03:00a.m.",22/08/2014 10:25:00,445
22/08/2014,"August 23, 2014 at 01:43a.m.",23/08/2014 09:13:00,450
23/08/2014,"August 24, 2014 at 01:43a.m.",24/08/2014 12:02:00,619
24/08/2014,"August 25, 2014 at 04:18a.m.",25/08/2014 12:13:00,475
25/08/2014,"August 26, 2014 at 03:21a.m.",26/08/2014 12:31:00,550
26/08/2014,"August 27, 2014 at 03:12a.m.",27/08/2014 11:31:00,499
27/08/2014,"August 27, 2014 at 06:24a.m.",27/08/2014 12:11:00,347
28/08/2014,"August 29, 2014 at 01:00a.m.",29/08/2014 06:10:00,310
29/08/2014,"August 29, 2014 at 11:40p.m.",30/08/2014 15:03:00,923
30/08/2014,"August 31, 2014 at 04:12a.m.",31/08/2014 13:12:00,540
31/08/2014,"September 01, 2014 at 03:59a.m.",01/09/2014 14:49:00,650
01/09/2014,"September 02, 2014 at 02:44a.m.",02/09/2014 07:36:00,292
02/09/2014,"September 02, 2014 at 11:33p.m.",03/09/2014 09:45:00,612
03/09/2014,"September 03, 2014 at 11:19p.m.",04/09/2014 07:33:00,494
04/09/2014,"September 05, 2014 at 02:59a.m.",05/09/2014 10:21:00,442
05/09/2014,"September 06, 2014 at 02:40a.m.",06/09/2014 07:50:00,310
06/09/2014,"September 07, 2014 at 04:08a.m.",07/09/2014 09:41:00,333
07/09/2014,"September 08, 2014 at 04:02a.m.",08/09/2014 11:42:00,460
08/09/2014,"September 08, 2014 at 11:55p.m.",09/09/2014 07:30:00,455
09/09/2014,"September 10, 2014 at 04:58a.m.",10/09/2014 12:31:00,453
10/09/2014,"September 11, 2014 at 12:13a.m.",11/09/2014 06:18:00,365
11/09/2014,"September 12, 2014 at 12:03a.m.",12/09/2014 06:39:00,396
12/09/2014,"September 12, 2014 at 10:57p.m.",13/09/2014 08:04:00,547
13/09/2014,"September 14, 2014 at 02:30a.m.",14/09/2014 10:40:00,490
14/09/2014,"September 15, 2014 at 02:15a.m.",15/09/2014 08:57:00,402
15/09/2014,"September 15, 2014 at 11:36p.m.",16/09/2014 07:51:00,495
16/09/2014,"September 17, 2014 at 02:13a.m.",17/09/2014 07:20:00,307
17/09/2014,"September 17, 2014 at 11:55p.m.",18/09/2014 07:50:00,475
18/09/2014,"September 18, 2014 at 11:24p.m.",19/09/2014 07:51:00,507
19/09/2014,"September 20, 2014 at 12:05a.m.",20/09/2014 07:22:00,437
20/09/2014,"September 21, 2014 at 05:05a.m.",21/09/2014 11:21:00,376
21/09/2014,"September 22, 2014 at 04:16a.m.",22/09/2014 11:10:00,414
22/09/2014,"September 23, 2014 at 12:58a.m.",23/09/2014 07:16:00,378
23/09/2014,"September 23, 2014 at 10:48p.m.",24/09/2014 06:21:00,453
24/09/2014,"September 25, 2014 at 12:49a.m.",25/09/2014 07:23:00,394
25/09/2014,"September 25, 2014 at 10:56p.m.",26/09/2014 07:45:00,529
26/09/2014,"September 27, 2014 at 04:20a.m.",27/09/2014 12:40:00,500
27/09/2014,"September 28, 2014 at 04:15a.m.",28/09/2014 12:40:00,505
28/09/2014,"September 29, 2014 at 01:45a.m.",29/09/2014 09:30:00,465
29/09/2014,"September 30, 2014 at 01:23a.m.",30/09/2014 08:03:00,400
30/09/2014,"September 30, 2014 at 10:45p.m.",01/10/2014 06:10:00,445
01/10/2014,"October 02, 2014 at 12:00a.m.",02/10/2014 06:24:00,384
02/10/2014,"October 03, 2014 at 01:17a.m.",03/10/2014 09:10:00,473
03/10/2014,"October 03, 2014 at 11:58p.m.",04/10/2014 06:40:00,402
04/10/2014,"October 05, 2014 at 05:08a.m.",05/10/2014 13:34:00,506
05/10/2014,"October 05, 2014 at 11:23p.m.",06/10/2014 09:10:00,587
06/10/2014,"October 07, 2014 at 12:28a.m.",07/10/2014 07:10:00,402
07/10/2014,"October 08, 2014 at 11:34p.m.",09/10/2014 07:04:00,450
09/10/2014,"October 10, 2014 at 02:31a.m.",10/10/2014 08:51:00,380
10/10/2014,"October 10, 2014 at 11:05p.m.",11/10/2014 07:39:00,514
11/10/2014,"October 12, 2014 at 02:18a.m.",12/10/2014 10:36:00,498
13/10/2014,"October 14, 2014 at 05:28a.m.",14/10/2014 13:21:00,473
14/10/2014,"October 15, 2014 at 12:06a.m.",15/10/2014 07:21:00,435
15/10/2014,"October 16, 2014 at 03:20a.m.",16/10/2014 09:16:00,356
16/10/2014,"October 17, 2014 at 12:18a.m.",17/10/2014 10:12:00,594
17/10/2014,"October 17, 2014 at 11:29p.m.",18/10/2014 10:02:00,633
19/10/2014,"October 20, 2014 at 01:10a.m.",20/10/2014 10:57:00,587
20/10/2014,"October 21, 2014 at 03:32a.m.",21/10/2014 07:17:00,225
21/10/2014,"October 21, 2014 at 11:38p.m.",22/10/2014 08:35:00,537
22/10/2014,"October 23, 2014 at 12:19a.m.",23/10/2014 07:03:00,404
23/10/2014,"October 23, 2014 at 11:02p.m.",24/10/2014 08:12:00,550
25/10/2014,"October 26, 2014 at 04:28a.m.",26/10/2014 11:48:00,440
26/10/2014,"October 27, 2014 at 12:28a.m.",27/10/2014 09:56:00,568
27/10/2014,"October 28, 2014 at 12:57a.m.",28/10/2014 07:09:00,372
28/10/2014,"October 29, 2014 at 12:37a.m.",29/10/2014 09:38:00,541
29/10/2014,"October 30, 2014 at 12:41a.m.",30/10/2014 08:33:00,472
30/10/2014,"October 31, 2014 at 01:33a.m.",31/10/2014 08:31:00,418
31/10/2014,"October 31, 2014 at 11:52p.m.",01/11/2014 08:40:00,528
01/11/2014,"November 02, 2014 at 04:13a.m.",02/11/2014 11:54:00,461
02/11/2014,"November 03, 2014 at 03:45a.m.",03/11/2014 11:14:00,449
03/11/2014,"November 04, 2014 at 01:02a.m.",04/11/2014 07:30:00,388
04/11/2014,"November 05, 2014 at 12:12a.m.",05/11/2014 07:48:00,456
05/11/2014,"November 05, 2014 at 11:59p.m.",06/11/2014 11:46:00,707
06/11/2014,"November 06, 2014 at 11:18p.m.",07/11/2014 07:24:00,486
07/11/2014,"November 07, 2014 at 11:14p.m.",08/11/2014 12:10:00,776
08/11/2014,"November 09, 2014 at 01:56a.m.",09/11/2014 09:40:00,464
09/11/2014,"November 10, 2014 at 11:45p.m.",11/11/2014 05:56:00,371
10/11/2014,"November 11, 2014 at 10:33p.m.",12/11/2014 08:24:00,591
12/11/2014,"November 13, 2014 at 01:59a.m.",13/11/2014 09:10:00,431
13/11/2014,"November 13, 2014 at 11:12p.m.",14/11/2014 07:55:00,523
14/11/2014,"November 14, 2014 at 11:17p.m.",15/11/2014 07:20:00,483
15/11/2014,"November 16, 2014 at 02:33a.m.",16/11/2014 09:23:00,410
16/11/2014,"November 17, 2014 at 03:08a.m.",17/11/2014 11:52:00,524
17/11/2014,"November 17, 2014 at 11:49p.m.",18/11/2014 07:01:00,432
18/11/2014,"November 18, 2014 at 11:45p.m.",19/11/2014 05:35:00,350
19/11/2014,"November 20, 2014 at 01:04a.m.",20/11/2014 09:04:00,480
20/11/2014,"November 20, 2014 at 11:44p.m.",21/11/2014 07:18:00,454
21/11/2014,"November 21, 2014 at 11:22p.m.",22/11/2014 07:00:00,458
22/11/2014,"November 23, 2014 at 03:24a.m.",23/11/2014 12:25:00,541
23/11/2014,"November 24, 2014 at 12:40a.m.",24/11/2014 12:06:00,686
24/11/2014,"November 25, 2014 at 12:58a.m.",25/11/2014 10:50:00,592
25/11/2014,"November 26, 2014 at 01:55a.m.",26/11/2014 08:18:00,383
26/11/2014,"November 26, 2014 at 10:30p.m.",27/11/2014 04:02:00,332
27/11/2014,"November 27, 2014 at 11:26p.m.",28/11/2014 08:25:00,539
28/11/2014,"November 29, 2014 at 12:53a.m.",29/11/2014 07:16:00,383
29/11/2014,"November 30, 2014 at 02:56a.m.",30/11/2014 11:08:00,492
30/11/2014,"December 01, 2014 at 03:58a.m.",01/12/2014 12:51:00,533
01/12/2014,"December 02, 2014 at 09:14p.m.",03/12/2014 12:29:00,915
03/12/2014,"December 04, 2014 at 02:10a.m.",04/12/2014 09:43:00,453
04/12/2014,"December 04, 2014 at 11:22p.m.",05/12/2014 09:18:00,596
05/12/2014,"December 05, 2014 at 11:13p.m.",06/12/2014 08:32:00,559
06/12/2014,"December 07, 2014 at 12:00a.m.",07/12/2014 05:09:00,309
07/12/2014,"December 08, 2014 at 04:52a.m.",08/12/2014 16:13:00,681
08/12/2014,"December 09, 2014 at 12:59a.m.",09/12/2014 09:04:00,485
09/12/2014,"December 10, 2014 at 12:00a.m.",10/12/2014 12:09:00,729
10/12/2014,"December 11, 2014 at 12:23a.m.",11/12/2014 09:13:00,530
11/12/2014,"December 12, 2014 at 01:15a.m.",12/12/2014 09:33:00,498
12/12/2014,"December 13, 2014 at 02:31a.m.",13/12/2014 09:19:00,408
13/12/2014,"December 14, 2014 at 12:21a.m.",14/12/2014 10:05:00,584
14/12/2014,"December 15, 2014 at 02:52a.m.",15/12/2014 12:30:00,578
15/12/2014,"December 16, 2014 at 02:46a.m.",16/12/2014 10:46:00,480
16/12/2014,"December 16, 2014 at 10:19p.m.",17/12/2014 06:07:00,468
17/12/2014,"December 18, 2014 at 01:08a.m.",18/12/2014 09:39:00,511
18/12/2014,"December 19, 2014 at 03:21a.m.",19/12/2014 10:49:00,448
19/12/2014,"December 19, 2014 at 11:00a.m.",19/12/2014 12:00:00,60
20/12/2014,"December 21, 2014 at 01:36a.m.",21/12/2014 15:21:00,825
21/12/2014,"December 22, 2014 at 05:00a.m.",22/12/2014 09:11:00,251
22/12/2014,"December 23, 2014 at 01:35a.m.",23/12/2014 11:32:00,597
23/12/2014,"December 24, 2014 at 03:43a.m.",24/12/2014 07:47:00,244
24/12/2014,"December 25, 2014 at 02:27a.m.",25/12/2014 11:52:00,565
25/12/2014,"December 26, 2014 at 02:05a.m.",26/12/2014 10:02:00,477
26/12/2014,"December 27, 2014 at 04:49a.m.",27/12/2014 11:08:00,379
27/12/2014,"December 28, 2014 at 06:11a.m.",28/12/2014 13:39:00,448
28/12/2014,"December 29, 2014 at 03:30a.m.",29/12/2014 13:52:00,622
29/12/2014,"December 30, 2014 at 03:29a.m.",30/12/2014 06:06:00,157
30/12/2014,"December 31, 2014 at 12:23a.m.",31/12/2014 09:29:00,546
31/12/2014,"January 01, 2015 at 03:51a.m.",01/01/2015 06:03:00,132
01/01/2015,"January 02, 2015 at 01:01a.m.",02/01/2015 10:34:00,573
02/01/2015,"January 03, 2015 at 01:49a.m.",03/01/2015 09:35:00,466
03/01/2015,"January 04, 2015 at 12:16a.m.",04/01/2015 09:57:00,581
04/01/2015,"January 05, 2015 at 01:21a.m.",05/01/2015 06:34:00,313
05/01/2015,"January 05, 2015 at 11:11p.m.",06/01/2015 08:04:00,533
06/01/2015,"January 07, 2015 at 01:12a.m.",07/01/2015 08:07:00,415
07/01/2015,"January 08, 2015 at 12:53a.m.",08/01/2015 08:11:00,438
08/01/2015,"January 09, 2015 at 12:34a.m.",09/01/2015 08:10:00,456
09/01/2015,"January 10, 2015 at 02:35a.m.",10/01/2015 12:47:00,612
11/01/2015,"January 12, 2015 at 12:11a.m.",12/01/2015 08:10:00,479
12/01/2015,"January 13, 2015 at 12:15a.m.",13/01/2015 08:11:00,476
13/01/2015,"January 14, 2015 at 12:39a.m.",14/01/2015 08:19:00,460
14/01/2015,"January 15, 2015 at 01:54a.m.",15/01/2015 07:57:00,363
16/01/2015,"January 17, 2015 at 02:50a.m.",17/01/2015 11:02:00,492
17/01/2015,"January 18, 2015 at 01:50a.m.",18/01/2015 09:53:00,483
18/01/2015,"January 18, 2015 at 11:27p.m.",19/01/2015 08:24:00,537
19/01/2015,"January 20, 2015 at 01:35a.m.",20/01/2015 08:25:00,381
20/01/2015,"January 21, 2015 at 01:10a.m.",21/01/2015 08:13:00,407
21/01/2015,"January 22, 2015 at 01:12a.m.",22/01/2015 08:05:00,401
22/01/2015,"January 23, 2015 at 12:43a.m.",23/01/2015 08:26:00,450
23/01/2015,"January 24, 2015 at 12:37a.m.",24/01/2015 10:25:00,564
24/01/2015,"January 25, 2015 at 02:30a.m.",25/01/2015 11:00:00,488
25/01/2015,"January 26, 2015 at 12:44a.m.",26/01/2015 08:37:00,473
26/01/2015,"January 27, 2015 at 12:39a.m.",27/01/2015 08:31:00,444
27/01/2015,"January 28, 2015 at 01:21a.m.",28/01/2015 08:37:00,395
28/01/2015,"January 29, 2015 at 12:50a.m.",29/01/2015 08:45:00,448
29/01/2015,"January 29, 2015 at 11:46p.m.",30/01/2015 08:22:00,494
30/01/2015,"January 31, 2015 at 04:01a.m.",31/01/2015 10:58:00,381
31/01/2015,"February 01, 2015 at 03:15a.m.",01/02/2015 10:58:00,452
01/02/2015,"February 02, 2015 at 12:56a.m.",02/02/2015 08:57:00,446
02/02/2015,"February 03, 2015 at 01:13a.m.",03/02/2015 08:50:00,457
03/02/2015,"February 04, 2015 at 12:41a.m.",04/02/2015 08:36:00,449
04/02/2015,"February 05, 2015 at 12:56a.m.",05/02/2015 08:51:00,475
05/02/2015,"February 05, 2015 at 11:55p.m.",06/02/2015 08:42:00,527
06/02/2015,"February 07, 2015 at 04:54a.m.",07/02/2015 11:55:00,421
07/02/2015,"February 08, 2015 at 12:15a.m.",08/02/2015 08:54:00,519
08/02/2015,"February 09, 2015 at 12:45a.m.",09/02/2015 08:40:00,475
09/02/2015,"February 10, 2015 at 01:15a.m.",10/02/2015 08:38:00,443
10/02/2015,"February 11, 2015 at 01:12a.m.",11/02/2015 08:36:00,444
11/02/2015,"February 12, 2015 at 12:20a.m.",12/02/2015 08:48:00,508
12/02/2015,"February 13, 2015 at 12:47a.m.",13/02/2015 08:28:00,461
13/02/2015,"February 14, 2015 at 02:28a.m.",14/02/2015 09:56:00,448
14/02/2015,"February 15, 2015 at 12:40a.m.",15/02/2015 09:22:00,522
15/02/2015,"February 16, 2015 at 01:46a.m.",16/02/2015 08:39:00,413
16/02/2015,"February 17, 2015 at 01:09a.m.",17/02/2015 08:24:00,435
17/02/2015,"February 17, 2015 at 11:33p.m.",18/02/2015 08:35:00,542
18/02/2015,"February 19, 2015 at 12:51a.m.",19/02/2015 08:44:00,473
19/02/2015,"February 20, 2015 at 12:28a.m.",20/02/2015 08:56:00,508
20/02/2015,"February 21, 2015 at 01:42a.m.",21/02/2015 06:30:00,288
21/02/2015,"February 22, 2015 at 12:38a.m.",22/02/2015 08:50:00,492
22/02/2015,"February 23, 2015 at 12:23a.m.",23/02/2015 08:15:00,472
23/02/2015,"February 23, 2015 at 11:50p.m.",24/02/2015 08:22:00,512
24/02/2015,"February 25, 2015 at 12:13a.m.",25/02/2015 08:24:00,491
27/02/2015,"February 28, 2015 at 03:14a.m.",28/02/2015 10:32:00,438
28/02/2015,"March 01, 2015 at 04:20a.m.",01/03/2015 07:24:00,184
01/03/2015,"March 01, 2015 at 11:54p.m.",02/03/2015 08:56:00,542
05/03/2015,"March 06, 2015 at 12:13a.m.",06/03/2015 08:27:00,494
06/03/2015,"March 07, 2015 at 12:14a.m.",07/03/2015 08:43:00,509
07/03/2015,"March 08, 2015 at 02:51a.m.",08/03/2015 09:06:00,375
08/03/2015,"March 09, 2015 at 01:38a.m.",09/03/2015 09:10:00,452
09/03/2015,"March 10, 2015 at 12:04a.m.",10/03/2015 08:46:00,522
11/03/2015,"March 12, 2015 at 12:00a.m.",12/03/2015 08:52:00,532
12/03/2015,"March 13, 2015 at 12:00a.m.",13/03/2015 08:46:00,526
13/03/2015,"March 14, 2015 at 04:39a.m.",14/03/2015 10:53:00,374
14/03/2015,"March 15, 2015 at 02:05a.m.",15/03/2015 11:04:00,539
15/03/2015,"March 16, 2015 at 01:38a.m.",16/03/2015 09:13:00,455
18/03/2015,"March 19, 2015 at 12:47a.m.",19/03/2015 08:59:00,492
19/03/2015,"March 20, 2015 at 02:00a.m.",20/03/2015 09:06:00,426
20/03/2015,"March 21, 2015 at 02:24a.m.",21/03/2015 11:21:00,537
21/03/2015,"March 22, 2015 at 03:57a.m.",22/03/2015 11:01:00,424
22/03/2015,"March 23, 2015 at 01:37a.m.",23/03/2015 08:28:00,411
28/03/2015,"March 29, 2015 at 03:27a.m.",29/03/2015 09:11:00,344
29/03/2015,"March 30, 2015 at 03:50a.m.",30/03/2015 10:51:00,421
30/03/2015,"March 31, 2015 at 04:23a.m.",31/03/2015 09:59:00,336
31/03/2015,"April 01, 2015 at 01:40a.m.",01/04/2015 08:03:00,383
01/04/2015,"April 02, 2015 at 01:02a.m.",02/04/2015 10:50:00,588
02/04/2015,"April 03, 2015 at 02:47a.m.",03/04/2015 08:56:00,369
03/04/2015,"April 04, 2015 at 08:59p.m.",05/04/2015 08:04:00,665
05/04/2015,"April 06, 2015 at 01:41a.m.",06/04/2015 08:10:00,389
07/04/2015,"April 08, 2015 at 01:16a.m.",08/04/2015 08:09:00,413
08/04/2015,"April 08, 2015 at 11:16p.m.",09/04/2015 08:10:00,534
09/04/2015,"April 09, 2015 at 11:07p.m.",10/04/2015 08:38:00,571
10/04/2015,"April 11, 2015 at 01:44a.m.",11/04/2015 08:41:00,417
11/04/2015,"April 12, 2015 at 03:20a.m.",12/04/2015 07:17:00,237
12/04/2015,"April 12, 2015 at 10:22p.m.",13/04/2015 09:09:00,647
13/04/2015,"April 13, 2015 at 11:35p.m.",14/04/2015 07:58:00,503
14/04/2015,"April 15, 2015 at 01:59a.m.",15/04/2015 08:21:00,382
17/04/2015,"April 18, 2015 at 03:33a.m.",18/04/2015 12:09:00,516
18/04/2015,"April 19, 2015 at 01:19a.m.",19/04/2015 12:03:00,644
19/04/2015,"April 20, 2015 at 02:13a.m.",20/04/2015 08:25:00,372
20/04/2015,"April 21, 2015 at 12:57a.m.",21/04/2015 09:38:00,521
21/04/2015,"April 22, 2015 at 04:28a.m.",22/04/2015 09:18:00,290