x,y
43.00008,4087.2
36,792.192
32.25,480.16
28.24992,428.16
30.12504,272.688
30.75,129.136
28.99992,80.416
28.99992,42.976
29.12496,77.952
32.25,194.784
32.25,75.616
31.99992,59.28
31.5,50.032
31.75008,48.816
33.25008,97.312
32.50008,61.168
32.50008,82.144
30.75,55.696
30.75,62.88
30.75,40.32
31.75008,58.752
31.5,27.472
31.00008,40.032
30.75,22
30.49992,33.904
30.49992,24.48
30.37488,42.576
29.12496,40.48
28.00008,25.632
29.50008,29.184
30,24.912
29.62512,22.24
28.75008,37.264
28.99992,30.384
28.75008,17.344
28.00008,11.424
28.00008,24.688
27.49992,11.664
28.75008,38.736
27.25008,34.576
26.87496,18.496
26.50008,42.432
26.74992,26.08
26.25,56.688
25.5,20.464
25.00008,32.496
22.24992,55.648
21.49992,40.336
21.75,29.584
22.75008,25.44
22.24992,6.336
22.24992,9.936
22.00008,14.88
22.00008,73.92
21,40.672
22.24992,22.864
22.24992,9.84
21.75,13.84
20.62512,7.488
19.99992,12.112
19.99992,21.12
18.75,58.992
17.25,35.104
18,16.96
18.49992,19.008
18.49992,37.264
19.24992,18.496
19.87488,16.08
19.87488,12.352
19.00008,11.328
18,18.816
16.37496,8.88
16.75008,12.832
16.62504,6
16.62504,3.712
17.50008,6.864
18,9.312
19.00008,13.888
19.24992,11.68
19.37496,5.104
19.24992,8.176
18.25008,9.712
18.49992,17.488
17.74992,18.336
17.50008,8.64
20.50008,104.64
20.62512,48.528
20.37504,11.776
19.87488,8.64
19.62504,4.288
19.62504,4.944
19.24992,6.88
19.99992,19.216
20.25,10.24
20.12496,3.888
20.37504,18.976
22.12512,51.936
21.12504,19.872
20.12496,9.136
19.37496,10.128
19.24992,5.28
18.62496,1.488
18.62496,7.536
18.87504,8.352
19.12512,9.072
19.00008,12.672
19.5,13.744
20.87496,31.936
21,13.824
21.62496,26.656
21.62496,19.776
21.49992,17.616
24,74.608
24.62496,53.328
23.87496,37.744
22.62504,20.4
22.12512,10.672
22.12512,6.88
21.75,8.496
21.25008,41.056
22.62504,58.272
23.50008,43.248
23.25,20.464
22.62504,7.152
22.62504,22.992
22.5,23.664
22.87488,86.736
20.87496,23.824
21.62496,64.528
21.75,38.848
21.62496,27.024
22.12512,35.04
22.24992,25.824
22.24992,22.32
22.12512,18.688
21.49992,14.928
21.12504,12.448
21,19.84
20.74992,5.584
20.74992,6.256
20.62512,9.696
20.25,16.464
19.75008,3.408
19.75008,9.952
19.24992,29.824
18.49992,16.56
18.37488,9.328
19.5,21.792
20.25,23.488
20.12496,7.12
19.75008,13.408
19.00008,16.816
18.62496,11.92
18.49992,17.296
18.12504,21.376
18.12504,10.224
17.74992,15.888
17.62512,11.248
19.24992,67.344
19.75008,34.192
19.00008,10.576
19.12512,8.032
19.12512,10.816
20.62512,91.2
20.37504,16.336
22.12512,81.904
21.75,55.968
21.37488,38.272
21.37488,25.216
19.87488,25.92
20.12496,28.512
20.25,13.536
20.25,18.864
18.75,17.328
19.37496,54.96
18.62496,20.496
18.12504,49.264
18.49992,36.192
18.12504,7.152
18.25008,15.136
18.75,18.064
18.25008,13.968
17.62512,39.232
17.50008,25.792
18.75,21.808
19.87488,66.4
20.50008,50.08
20.37504,29.248
19.75008,49.072
19.24992,25.776
22.12512,181.648
21.87504,53.76
25.99992,506.368
27,202.672
26.87496,243.888
31.24992,362.448
32.25,304.288
33.25008,298.096
35.25,280.288
34.99992,280.992
37.37496,415.584
36.62496,273.136
33.75,177.184
35.37504,214.08
35.12496,69.04
34.99992,160.432
36.25008,136.864
34.99992,74.272
34.12512,114.816
31.75008,187.872
30.37488,92.704
31.37496,126.912
36.25008,284.832
36.12504,175.104
35.74992,105.552
34.5,107.056
34.00008,95.536
33,72.592
32.12496,63.04
33,99.856
34.00008,137.344
32.37504,121.008
31.62504,49.44
30.87504,88.128
31.87488,107.76
30.12504,75.088
28.75008,120.912
27.25008,127.92
27.37488,62.176
27.25008,35.136
27.37488,70.192
26.74992,79.584
25.62504,135.408
25.37496,115.264
26.37504,249.312
24.12504,115.008
25.37496,211.648
29.50008,297.312
30.62496,270.48
30,147.808
30.12504,103.168
30,105.808
30,78.112
28.87488,56.4
29.50008,62.784
30,74.032
30.75,90.096
32.37504,175.392
34.24992,232.24
33.75,105.744
36,255.168
34.99992,347.68
34.5,210.496
34.37496,106.512
34.12512,142.08
32.37504,160.864
33.62496,103.152
33.37488,102.384
31.00008,128.8
28.12512,273.712
31.37496,135.312
31.37496,178.896
30.62496,64.528
32.87496,120.576
31.99992,208.368
34.62504,230.416
34.5,99.568
35.50008,133.008
37.00008,163.744
35.50008,192.784
34.75008,166.032
35.50008,79.696
34.87488,95.088
34.00008,95.248
32.74992,250.48
31.75008,144.064
31.12512,110.448
32.37504,123.232
32.3124,65.104
32.50008,68.464
34.12512,145.936
33.25008,58.656
31.99992,26.224
32.37504,28.368
33.37488,53.184
32.50008,52.896
33.49992,96.928
33.49992,32.592
33.25008,23.008
33,26.688
32.62512,20.032
33,61.456
34.00008,60.96
33.12504,56.016
32.50008,173.872
32.12496,57.712
33,33.072
35.25,159.216
35.12496,53.776
35.37504,80.272
35.25,54.576
39.37488,227.536
38.62512,178.416
37.87488,64.384
38.50008,67.2
36.75,51.184
36.87504,84.192
35.50008,141.712
35.25,40
34.5,58.912
34.5,44.16
37.75008,143.568
40.00008,173.376
45.12504,375.456
46.12512,440.352
45.12504,153.312
48.49992,249.808
50.74992,338.32
51.25008,114.496
49.12512,126.88
48.37488,120.592
49.99992,112
51.12504,118.224
50.74992,73.648
49.5,151.152
48.12504,92.32
49.00008,38.064
48.25008,45.232
55.00008,475.216
56.50008,337.68
55.99992,199.104
54.75,128.416
55.5,113.04
55.99992,70.336
56.12496,84.304
54.62496,134.016
54,185.28
54.25008,107.152
52.5,183.264
51,55.056
49.75008,90.048
52.5,181.008
55.99992,202.224
57.75,217.248
57.75,104.32
56.12496,124.896
57.25008,103.024
56.74992,60.16
56.37504,113.712
57.6876,246.96
59.87496,136.96
40.75008,106.192
41.87504,115.552
42.37504,92.944
45.75008,166.432
49.12496,211.648
50.37504,175.568
54,231.312
56.75008,339.024
58,228.624
53.75008,316.24
51.12496,375.632
51.87504,207.12
50.24992,123.6
52.62496,243.088
55.37504,177.584
55,148.96
53.12496,126.704
52,147.952
51.75008,102.224
51,66.496
50.62496,37.44
51.62496,144.752
55,226.768
56.24992,195.184
58.62496,153.392
58.12496,158.256
58,320.208
56.37504,339.6
55.5,188.448
53.24992,180.512
52.62496,141.728
51.75008,115.648
53.12496,211.696
49,248.496
49.24992,202.176
51.37504,133.856
53.37504,140.016
51.75008,152.096
51.75008,157.648
47,350.512
46.75008,518.224
46.24992,301.632
43.24992,176.416
44.24992,141.44
46.5,131.216
51.37504,254.736
54.5,393.392
55.75008,290.576
51.75008,230.288
51,136.992
49.5,208.192
47.37504,252.64
46.5,292.448
49.12496,247.008
52.75008,250.88
54.24992,225.248
51.62496,131.232
54.12496,243.776
54.5,126
52.5,201.04
51.75008,296.752
52.24992,87.776
51.5,21.536
54.37504,165.584
54.87504,155.12
54.24992,94.4
55,100.128
56.37504,259.28
59.75008,308.256
61,274.736
59.37504,147.632
58.87504,174.512
60,145.84
60.24992,144.304
60.5,135.536
61.5,108.752
59.5,127.472
63,297.216
65.37504,238.24
67.87504,228.336
66,61.856
66.37504,95.872
69,151.008
71,165.088
70.87504,154.672
69.5,178.288
65.37504,266.016
65.12496,286.88
64.87504,157.584
65.96864,217.488
65.24992,302.96
64.12496,382.624
68.24992,527.552
67.87504,266.784
66.75008,279.168
67.5,182.88
65.24992,350.96
64.5,183.36
64,111.376
62.93744,107.008
62.5,105.344
61.24992,151.136
60.62496,296.416
62.24992,331.808
64.5,326.816
66.12496,245.584
66.12496,339.536
64.62496,137.216
64.87504,184.464
64.62496,143.872
65.24992,165.472
65.5,207.856
65.75008,119.504
65.24992,90.592
66.75008,132.56
65,114.272
64.75008,113.232
65.62496,134.864
64.75008,125.392
64.62496,111.872
63.87504,142.608
62.24992,201.024
68.5,397.6
74.24992,999.68
74.93744,325.2
74,221.824
72.5,229.008
75.62496,531.12
81.75008,521.104
88.5,662.272
92.37504,1052.192
86.75008,661.952
85,697.808
85,314.416
86.5,249.472
85.24992,143.504
86.87504,415.632
87.43744,337.456
84.93744,180.416
83.81248,108.16
87,283.424
89.93744,381.632
90.5,278.208
92.18752,289.28
94.24992,307.664
94.12496,191.36
97.81248,390.048
104.56256,649.888
105.75008,585.456
103.75008,471.312
98.5,818.608
98.75008,933.744
114.75008,1767.872
116.62496,1140.544
118.24992,779.424
118.62496,405.744
129.62495,1469.632
125.5,939.52
128.87505,670.288
129,511.152
124.62496,575.312
116,829.968
117.75008,785.072
112.75008,678.288
119.37504,753.008
119.5,389.952
121.62496,357.664
119.37504,205.184
122,157.296
120.37504,235.136
117.24992,225.968
118.37504,265.648
117.75008,264.336
118.87504,271.792
116.5,337.312
124.06256,601.712
126.37504,579.856
123,255.52
119.43744,336.208
119.75008,236.784
119.37504,159.696
118.5,183.488
116.75008,157.136
115.5,464.864
115.24992,1034.912
115,475.904
112,362.16
109.24992,728.016
105.75008,1142.08
105.75008,715.44
104.12496,498.416
106,371.056
109.5,333.008
118.5,957.104
119.24992,690.64
116.75008,513.296
116,484.176
116.37504,539.632
122.37504,637.808
131.62495,1306.576
136.37505,817.68
130.5,591.104
140.37505,813.264
150.37505,1224.944
152,961.696
156.24992,992.08
153.62495,678.736
154.75008,511.216
159.75008,632.608
170,739.84
179.5,1192.176
200,2167.2
207.5,1983.68
198.5,2248.496
204,2074.912
186.12495,1128.96
188.62495,857.632
191.37505,592.48
187.37505,366.368
187.5,517.488
189.37505,463.696
197.24992,639.024
207.43744,1152.192
196.62495,680.368
198.75008,435.728
193,877.472
189.5,835.168
190.5,617.536
186.62495,666.416
185.37505,965.12
185,637.552
90.5,347.8
89.75,420.928
87.75,541.2
88.37504,369.464
93.25,516.632
94,349.136
94.25,508.408
96.31248,421.76
96.75,268.016
94.37504,253.72
92.5,202.568
98,422.128
100,332.48
97.87504,238.784
97.37504,309.392
98,218.88
99.25,193.568
96.93752,220.424
95,391.072
92.37504,620.744
84.12496,770.248
76.5,965.344
83.93752,782.784
77.87504,637.056
78.12496,336.944
85,549.88
85.81248,381.744
80.5,612.072
81.87504,453.696
84.87504,354.008
84.5,339.288
93.75,977.08
93.75,1034.296
92.37504,401.344
97,619.184
105,881.656
118,1216.776
125.37504,1195.512
121.25,800.616
129.5,850.048
134.62495,876.408
132.18752,837.168
126.37504,1228.952
127.5,1355.88
129.56248,1302.744
132.12495,1234.48
123,1375.888
108.5,1729.856
110,742.8
118,1032.432
114.37504,518.24
116.5,595.8
120.12496,712.872
122,546.776
119.25,422.96
121.12496,481.664
119.87504,350.416
124.25,604.016
124,280.936
128,408.696
132.12495,472.672
128,423.632
131.25,414.52
133.12495,396.032
145.75,822.528
149,885.736
151.5,753.296
154.06248,824.648
154.31248,391.608
165.37505,739.472
185.62495,1040.896
181.87505,963.968
175.37505,768.2
177.68752,592.928
175,473.384
181.5,658.944
190.25,800.68
198.37505,832.176
193.12495,745.512
222,920.216
227.75,1322.456
216,566.52
217.25,166.144
217.62495,562.024
207.37505,986.872
206.37505,632.368
202.75,675.816
192.87505,733.704
194,304.44
200,507.472
206.5,632.76
202,479.408
197.75,426.216
196.87505,401.04
198.37505,324.984
210.5,559.968
213.5,540.288
215.12495,376.856
250.87505,687.8
253.87505,636.224
253.37505,298.912
251,93.488
286,604.304
275.37503,413.984
271.37503,590.232
255,375.168
252,338.6
261,439.248
299,714.744
325.75,771.416
357.37503,614.984
445,801.864
443,1040.92
406,970.936
386,566.752
354.5,839.224
345,346.648
330.75,433.056
280,891.64
291,730.456
313,490.688
352.12497,662.136
381.18753,540.304
369,524.4
365,337.872
359,398.264
338,492.952
360,450.296
359,485.344
353,490.96
173.5,383.216
157.875,416.884
148.625,479.804
159,327.008
155,248.72
156,583.02
139.25,386.564
134.5,352.52
137.43752,337.74
150,335.676
157.25,453.608
160.5,357.728
155.5,329.324
158.375,293.6
165,392.232
165,296.512
157.375,252.152
158,232.68
162,320.628
173.18752,363.416
173,256.556
174.5,223
183.375,347.46
179.125,188.284
179.68752,139.072
180.5,121.36
174.25,115.628
176,130.228
178.25,139.996
178,162.588
164,206.26
160.5,228.056
179.25,325.58
177.25,231.648
178.75,157.64
185.875,380.2
181.5,321.836
181,405.048
221,820.58
244,1001.012
231,696.616
217,564.668
211,241.516
206.06248,399.768
216.375,292.364
208,259.568
200.06248,454.168
197,234.264
191,420.212
174,420.844
180,245.964
185,253.072
192.125,199.136
194.5,139.156
197.56248,201.292
184.93752,187.868
175.5,259.352
182,149.388
173.25,204.24
170.25,251.2
162.125,393.24
162.5,233.652
157.5,275.888
156.81248,259.328
175.31248,429.856
173.5,227.284
173.5,185.116
161.75,237.584
162.75,261.68
161.5,188.516
161.125,167.02
159.125,105.7
153.31248,149.064
150.25,300.084
141.125,378.168
141.25,529.784
141.625,307.268
148.25,286.612
150,314.004
149,450.424
144.5,301.96
147.75,361.42
157.75,368.26
153.5,272.036
149.18752,238.412
147.875,207.16
146.5,259.44
134.875,508.116
129.625,499.96
143.5,591.288
149.93752,488.524
145.5,174.488
160.5,500.076
166.125,508.48
156.5,423.352
155.68752,280.728
153.875,216.332
156.5,385.004
164.31248,454.76
178.375,593.396
179.875,467.668
178.875,295.832
189.25,629.968
174,670.312
175.25,678.368
167,284.62
159.75,474.324
158,473.752
161.5,369.784
161.75,244.136
155.5,205.28
152.5,254.384
150.5,243.324
152.5,327.512
151.5,393.312
148.125,191.788
143.875,416.944
140.5,394.26
143.21872,469.108
140,426.112
140.5,251.672
139.75,245.68
134.43752,609.168
127.75,457.608
129.625,932.46
136,584.232
128.875,309.644
128.75,597.56
131.625,471.236
133.25,318.068
134,244.876
135.375,207.66
139.5,295.116
149.5,414.88
143.5,311.324
145.31248,200.896
153.5,421.62
159.5,469.096
159.06248,250.812
160.5,236.268
153.5,201.744
149.75,171.836
148.25,422.708
149.375,179.716
144.51559,218.988
155.06248,330.408
157,244.896
155.5,177.712
163.375,410.912
172.06248,411.572
167.75,285.296
167.93752,251.34
169.75,267.408
163.875,251.132
166.625,197.2
168.75,201.2
175,434.616
180,473.128
186.43752,661.872
185,562.196
187.375,382.592
185.875,327.836
187,267.104
181.43752,231.796
180,246.624
178.5,343.144
177.81248,520.348
176.93752,359.484
193.06248,999.88
192.375,373.748
188,705.504
181.93752,456.1
177,454.348
173.93752,421.82
172.75,445.748
172.75,337.232
176.75,358.64
180.5,295.66
182.875,384.916
183.81248,205.092
180.25,150.032
180.125,122.016
177.625,145.348
179.5,291.236
180,294.164
183,221.36
181.5,162.12
182.375,182.024
185.5,228.404
186.5,195.032
199.625,394.624
199.5,297.62
202.375,268.34
203,158.944
198.875,179.072
207.5,236.748
212.93752,236.572
212,164.168
215.5,160.496
219.18752,173.404
230.18752,228.064
229.25,259.556
233,226.652
235.25,80.356
234.5,185.304
223.625,242.424
234,527.74
249.75,392.324
258.75,400.324
282,643.948
353,2653.42
329.31247,996.276
341.25,456.72
357.5,381.828
356.25,227.864
350.5,288
334.75,331.324
341.875,198.812
352.125,206.52
369.875,275.284
408.31247,404.304
421.18753,345.572
426.25,184.684
428.06247,381.58
420,208.964
410,117.632
448,249.724
441.5,101.164
477,384.696
500.125,698.688
431.125,831.948
413,713.012
408,489.996
451.25,610.224
426.25,757.616
394,741
377.375,677.628
363,492.328
350,307.06
367.375,318
371.93753,313.496
360,176.152
360.5,253.292
347,345.88
343.48431,194.04
339.56247,192.22
343,366.56
322.06247,358.252
329.75,246.908
337,268.132
361,390.576
372.5,338.16
363,208.644
379.81247,298.288
377.25,239.188
366,179.804
365,191.584
173.75,151.656
173.25,213.232
170,128.204
168,124.346
163.1875,146.438
157,176.916
170,211.898
171.625,165.06
170.3125,114.18
164.75,184.202
169.875,136.846
163,116.522
159,122.274
163,149.72
177,255.664
180.375,173.456
181,172.344
185,174.05
183,104.066
180.5,120.33
183.5312,157.686
169,176.434
173,170.492
176.9375,112.23
175.375,104.046
193.25,252.328
205.625,313.846
203,147.086
201,147.078
205.1875,172.798
200.75,128.302
196.5,215.4
187.0625,317.338
177.25,216.84
173,193.228
171,425.284
169.875,273.718
171.25,559.904
160,249.604
153,248.6
142.5,288.536
142.9375,296.958
148.125,280.228
135.25,384.668
122.9375,444.686
127.5,248.66
134.5,183.26
129.125,131.006
119.125,219.748
127,251.564
126.875,166.696
126.75,199.642
131.875,149.088
136,142.524
131.5,136.582
124.75,143.83
127,130
128,83.75
125.5,79.588
122.25,136.562
122.5,187.726
126,149.628
131.4375,148.534
130,115.92
138.25,203.594
139.75,208.424
137.5625,152.132
134.6875,282.616
128,319.944
127.375,179.044
124,227.292
123.625,187.888
116.125,126.622
120,177.34
117.3125,283.538
122,165.738
134.875,221.874
141.9375,179.668
142.1875,139.338
146,206.572
147.75,174.998
146.76559,87.274
145.5,117.17
139.5625,149.612
141.5,88.104
141.75,105.976
141.25,137.388
140.625,145.336
150,207.044
145.5625,158.262
142.125,167.83
130,180.998
124.875,234.218
128.875,205.714
127.625,130.652
126,121.764
124.5,90.68
128.25,47.732
127.875,86.43
124.1875,117.064
118.5,255.204
114,231.042
106.5625,617.54
127.375,741.222
127.125,204.656
128.25,183.388
133.5,154.842
133.375,151.294
138,208.592
142.6875,195.802
140.75,105.984
138.75,129.22
139.375,127.448
139.25,110.786
136.625,118.898
136.75,140.226
129.75,110.732
130,87.778
133.0625,92.874
131.5625,122.162
136.875,108.336
137.75,95.026
138,89.534
137.5,81.458
133.8125,68.57
129.75,74.36
133.75,81.428
135.25,66.944
138,111.618
134.125,110.382
131.375,149.116
130.5625,157.056
130,184.88
134.375,146.106
140,196.438
139.6875,138.956
131.5,390.806
126.75,271.846
124.5,150.518
124,110.914
117.9375,354.73
119.25,275.356
117.75,190.886
114.75,355.158
109.375,369.882
109.375,175.642
110.2343,129.096
108.1875,111.204
109.375,110.57
107.5,133.41
107.5,116.428
108.25,96.426
112.4375,169.608
112.125,85.992
112,120.256
112.375,101.458
106.0625,141.322
102.75,599.946
97,275.554
97.25,138.798
91.875,251.216
90.75,256.78
88.75,187.76
90.625,196.896
86,233.144
87.5,259.938
88.75,385.552
73.5625,922.44
66.75,634.412
60.375,563.486
61.625,310.402
56.125,588.99
54.25,598.876
60.125,343.298
63.75,255.882
62.0937,157.726
64.25,236.062
61.7968,201.602
57,197.966
58.4375,147.924
55.625,169.002
60,230.116
67,345.24
69.25,292.108
70.5625,203.818
70.4375,142.512
69.125,138.898
70.625,160.114
62.875,267.21
61.75,191.962
59.125,193.432
59.5,139.594
60,161.912
56.5,135.73
55.5,215.164
51.375,184.484
48,499.502
43,431.832
42.25,197.024
45,248.384
40.5,293.908
39.25,350.394
39.625,339.382
41.125,401.726
39.3125,299.976
44,307.148
42.9375,325.598
36.2187,551.362
37.125,491.84
37.0625,710.388
39.5,792.758
38.625,336.404
35.9062,208.998
34,404.48
34,316.976
31.9687,361.316
28.375,448.628
28.25,277.944
29.875,283.474
34,375.362
31.5,220.454
31.75,243.746
31.1875,208.934
30.375,219.392
32.5625,499.366
32.1875,350.518
31.375,268.674
27.5,261.652
30.5625,430.972
31.25,543.042
26.625,1329.268
26.875,505.756
28.4375,320.59
31.75,669.39
34.75,579.254
36.0625,409.798
35.75,255.126
39,347.832
43.375,572.948
42.8125,442.492
38.625,244.626
40.375,188.19
41.75,187.76
41.0625,224.586
38.1875,201.132
36.625,218.162
35.9843,194.484
36.5,207.52
35.6875,195.416
33.875,282.898
30.5,230.272
30,180.944
29.75,217.688
28.9375,228.152
32.5,403.586
30,192.906
29.875,265.734
28.25,234.932
27.75,461.596
25.5,281.554
25.9375,247.006
25.625,199.616
25.125,203.47
24.4375,218.602
23.75,214.832
22.875,175.13
24.4375,207.736
22,104.988
17.75,1187.282
17.3125,280.988
17.5,328.44
17.2031,297.666
16,211.91
16.125,163.754
15.0625,246.68
15.125,175.162
15.625,235.284
14.5,151.76
14.9375,205.99
15.5781,180.046
15.125,125.04
15.75,213.99
15.5625,181.868
15,179.178
16.4375,201.78
15.75,191.482
13.6875,298.012
13.3125,301.548
15.875,512.46
15.8125,309.74
16.09,184.804
16.92,399.76
17.25,370.442
17,341.844
18.55,347.242
17.8,354.028
20.09,373.868
20.15,264.054
20.98,259.14
19.17,205.662
19.1,205.24
18.74,145.472
19.75,146.72
19.85,152.594
21.05,210.192
22.4,208.956
23.7,356.592
21.97,196.328
20.48,249.102
20.27,138.142
20.38,153.752
19.24,171.52
19.36,124.914
18.43,91.882
17.83,98.328
19.05,168.774
19.87,195.136
20.32,185.218
20.04,103.632
21.5,239.256
23.07,302.898
21.88,150.63
21.55,173.15
21.36,77.07
20.85,154.254
19.04,161.732
19.6,185.876
20.15,179.452
20.5,241.604
20.1,141.498
20.82,162.35
19.43,152.904
19.44,110.396
18.54,135.958
18.52,156.368
18.39,122.58
17.48,165.704
16.75,172.348
16.64,116.46
16.51,195.678
18.51,219.716
18.5,217.896
18.21,129.104
19.97,338.34
19.62,275.884
19.64,212.02
19.68,161.576
20,118.81
20.55,140.624
20.15,73.514
20.87,190.238
19,193.182
18.87,143.35
19.02,129.272
17.55,502.312
18.62,319.9
19.06,194.262
19.19,235.822
18.7,157.342
18.25,206.64
17.89,163.264
18.05,173.944
18.29,118.282
17.77,118.316
17.25,101.778
17.7,117.84
18.5,126.158
18.39,85.016
18.25,94.684
18.59,140.352
18.7,75.316
18.51,74.776
17.84,72.606
17.82,75.914
17.5,100.088
16.57,160.244
16.26,186.424
15.8,103.818
16.01,173.114
15.08,219.562
14.94,147.912
14.62,90.496
14.78,97.626
14.69,125.898
13.47,182.09
13.85,156.564
14.27,133.11
14.07,150.454
13.72,142.704
13.34,215.796
12,237.88
11.9,156.67
12.41,186.058
11.69,241.146
11.55,299.712
11.16,177.918
12.35,295.628
11.32,349.582
11.13,208.934
10.4,245.42
10.34,161.032
9.4,259.248
9.46,155.388
10.04,236.75
9.5,157.48
9.25,290.732
9.25,131.118
9.2,140.216
9.25,102.464
10,238.61
11.59,358.632
10.6,124.204
10.89,141.244
10.6,122.464
11.25,266.174
12.68,582.654
12.26,299.392
12.39,114.93
12.67,138.478
13.18,236.782
11.84,146.336
11.46,131.116
11.88,118.27
12.29,205.934
12.04,124.652
12.32,207.536
12.58,118.322
12.15,147.99
11.42,141.716
11.69,112.772
11.34,146.26
11.25,106.78
12,151.368
13.15,234.472
14.01,290.29
14.28,229.32
13.77,183.628
13.77,155.1
14.29,153.376
15.38,295.4
15.46,308.306
16,319.708
16.35,174.862
16,267.762
15.26,164.174
15.78,92.002
18.09,453.306
17.94,435.622
17.45,255.704
16.7,331.302
16.78,251.59
16.35,229.418
17.03,224.576
17.6,407.21
19.5,615.13
18.23,325.492
18.7,231.058
19,292.824
19.33,312.132
18.31,229.212
18.04,201.056
18.07,154.484
18.45,155.852
18.3,136.532
18.19,205.884
17.28,237.526
17.02,41.944
18.27,253.274
18.09,156.434
18.88,253.174
18.55,188.278
18.69,219.036
19.29,236.68
19.81,240.502
19.94,295.164
19.73,190.212
21.35,381.344
20.71,210.848
20.9,144.882
19.92,219.484
19.48,160.992
19.08,399.658
20.38,598.434
19.98,358.428
20.05,289.906
18.85,215.652
19.4,292.774
18.85,202.506
18.91,123.144
18.81,201.096
18.2,373.186
17.8,154.316
17.3,138.602
16.6,178.274
16.16,213.402
16.1,251.752
15.75,214.922
16.72,185.568
16.82,128.478
16.53,97.012
17.18,249.228
17.35,137.406
16.71,150.85
15.15,248.67
15.43,251.652
15.35,203.02
14.66,181.92
15.25,198.198
15.13,169.67
15.38,166.092
15.01,167.322
16.69,334.854
18.07,324.362
18.26,288.064
18.5,234.032
18.5,166.186
18.98,190.568
20.54,340.952
19.81,291.504
19.6,163.466
19.39,118.204
19.6,265.812
19.26,150.79
19.45,107.852
19.09,102.536
18.75,204.588
18.76,132.434
18.88,104.656
18.45,162.366
17.95,112.524
18.49,101.324
18.85,128.736
18.5,145.04
18.28,140.94
17.82,151.512
18.48,181.534
18.85,264.258
19.15,216.378
18.81,330.232
16.87,682.69
15.99,231.81
16.07,183.486
15.55,296.374
15.9,227.288
15.84,169.574
15.25,181.598
14.73,199.808
14.28,145.154
15.09,269.54
14.77,166.142
14.95,190.876
14.7,158.032
15.05,211.898
15.85,267.756
15.77,214.286
15.1,126.392
15.26,150.49
15.05,127.688
16.37,213.582
16.65,220.376
16.45,176.2
16.23,142.184
17.82,249.216
17.98,212.836
18.2,141.074
18.45,122.642
17.72,142.628
17.27,99.086
17.14,169.742
17.13,145.678
17.1,88.926
17.16,99.696
16.88,108.596
16.66,90.028
16.7,114.852
16.4,122.998
16.3,153.468
16.09,119.774
16.42,136.21
16.23,156.966
16.21,97.512
16.39,109.884
16.05,173.252
16.2,103.798
16.07,138.598
17.07,143.722
17.05,114.086
16.87,137.658
16.22,142.568
15.6,178.882
15.4,198.018
15.37,299.306
14.7,270.754
14.7,237.926
14.87,137.242
14.86,159.85
13.59,340.56
12.98,252.704
13.65,95.406
13.8,212.604
13.12,185.654
13.07,437.566
13.16,801.746
13.33,355.16
13.67,392.708
14.33,343.762
14.8,315.84
14.25,213.666
13.48,197.556
13.97,262.794
13.69,240.894
13.59,307.556
13.14,391.916
12.85,246.204
13.27,171.672
13.89,191.632
13.48,144.068
13.07,165.978
12.18,179.234
11.63,163.546
11.94,152.71
12.19,168.59
12.1,131.03
12.19,96.864
11.98,91.45
12.45,202.294
11.97,198.438
12.29,137.784
12.27,148.23
13.55,251.118
13.46,165.082
13.48,209.404
13.1,210.108
12.77,175.382
12.17,229.616
11.53,250.048
10.65,557.902
10.41,709.942
10.45,238.274
10.08,263.932
9.95,266.366
9.63,192.184
10.02,174.774
10.36,189.774
10.68,193.704
11.1,150.658
10.62,201.294
10.65,137.314
10.59,95.992
10.68,101.532
10.12,98.262
9.9,96.474
9.77,127.712
9.65,166.164
9.46,180.29
10.06,244.662
10.71,361.204
10.82,145.91
10.38,212.642
9.94,182.788
10.28,177.89
10,120.656
9.57,110.168
9.49,106.178
9.58,161.15
10.09,386.226
12.3,1255.658
13.5,655.9
14.7,652.242
15.23,752.042
14.83,454.946
14.98,455.004
15.05,301.304
15.1,356.378
14.91,292.318
15.07,298.116
15.59,350.35
15.04,240.874
15.35,208
14.8,197.01
15.06,186.732
15.32,205.308
15.23,190.34
17.49,454.986
17.09,249.68
17.44,500.4
16.18,451.9
15.94,181.754
15.7,157.882
15.73,165.87
15.9,219.022
16.75,213.562
17.51,292.16
18,196.826
17.59,218.092
18.01,215.846
18.8,270.184
18.76,168.014
18.6,153.692
18.5,180.482
18.59,128.324
18.6,86.696
18.97,159.752
17.62,149.684
17.25,210.548
17.12,100.592
16.94,99.034
16.66,125.438
16.69,162.564
16.78,101.986
17.85,257.88
18.19,314.788
17.6,185.874
17.75,157.194
17.35,131.686
17.12,212.002
17.15,182.474
17.78,144.344
17.8,63.234
17.54,94.462
17.38,92.234
16.81,112.048
16.62,87.61
17.66,196.404
18.35,150.906
19.19,212.094
19.3,280.926
19.3,192.446
19.49,159.464
20,261.226
20.39,279.276
19.84,160.606
20.18,446.11
19.49,584.194
18.98,220.386
18.44,201.216
18.75,230.566
19.13,180.934
19.17,234.684
18.77,188.646
18.72,176.308
18.97,161.268
18.85,104.01
18.38,132.86
18.4,95.866
17.86,119.214
18.15,129.868
18.18,106.7
17.85,141.202
17.97,104.864
18.49,148.958
18.6,123.68
18.73,266.978
18.91,159.016
19.6,170.764
19.59,128.524
19.75,138.58
19.9,127.172
19.96,96.904
20,118.242
19.96,156.274
20.17,148.936
20.95,234.57
21,262.116
20.16,209.29
20.12,122.79
19.83,215.652
19.67,207.202
19.65,118.628
19.34,120.198
19.22,136.834
20.48,236.184
20.83,182.9
22.4,421.14
22.1,257.9
22.37,248.03
23.26,294.356
24.19,362.112
23.72,337.79
24.54,353.744
24.99,375.758
24.99,362.484
24.75,219.206
24.39,273.972
23.6,475.052
23.91,370.834
24.78,277.014
24.19,497.532
25.25,355.694
24.23,253.71
23.91,482.234
24.37,729.57
24.93,440.18
24.45,305.61
25,277.994
25.25,275.886
25.1,221.27
25.67,227.628
25.74,224.542
26.25,248.1
25.7,182.096
25.83,239.218
25.43,194.634
25.57,159.764
25.25,161.778
24.79,174.406
25.27,174.71
25.52,179.096
25.5,199.286
25.07,142.732
25.34,163.352
25.36,149.3
26.23,226.032
27.68,408.062
27.55,245.304
27.63,193.054
28,202.652
27.61,319.764
26.91,348.284
26.65,195.264
27.01,168.796
28.51,303.642
30.19,447.546
30.29,263.652
30.72,222.988
30.36,320.828
30.4,345.466
28.98,420.244
29.66,427.1
29.53,191.268
30.2,427.572
28.66,362.174
27.99,204.106
29.95,393.478
29.89,265.66
29.75,211.68
30.79,388.91
31.62,271.926
32.82,329.138
33.19,278.782
32.49,255.358
32.15,171.552
31.94,218.476
32.1,200.556
33,283.446
33.49,259.432
33.36,210.512
33.65,202.276
34.41,195.658
35,159.006
35.72,254.752
35.44,323.772
35.79,456.632
33,684.168
32.92,371.47
33.05,597.706
32.77,265.092
32.8,190.96
31.65,263.086
31.05,265.022
31.54,321.388
31.4,251.134
32.15,203.174
33.87,358.44
32.94,246.878
32.98,138.118
32.69,169.492
31.95,173.408
31.88,175.67
31.8,159.272
31.22,183.942
31.14,166.732
30.05,323.32
29.4,209.556
29.33,171.29
29.2,170.364
29.95,211.682
30,189.164
29.85,126.464
30.12,94.26
31.37,201.568
32.29,274.136
32.34,158.942
32.99,252.79
33.35,208.77
32.08,102.108
32.15,107.154
32.43,119.148
32.6,106.484
33.4,160.744
34.24,275.26
34.4,224.076
35.21,306.002
35.95,337.208
35.67,220.176
36.8,470.702
35.2,283.822
34.97,261.16
35.25,228.524
35.07,129.894
35.87,245.416
36.48,252.65
37.83,355.708
37.8,236.088
36.91,231.26
38.06,317.206
38.25,315.94
37.45,275.35
36.84,245.48
36.25,234.336
36.25,212.03
36.72,353.834
38,300.4
39.55,338.548
39.88,201.354
39.9,439.82
39.44,465.096
43.72,1106.248
43.31,360.792
43,252.078
42.85,214.328
42.81,232.286
42.5,192.998
42.9,263.15
42.74,170.926
43.29,224.564
42.59,239.81
41.25,349.604
40.78,287.866
41.46,174.9
43.07,258.686
43.98,277.848
44.55,332.598
44,193.94
44.77,213.674
44.03,172.918
44.26,150.542
43.72,232.572
43.35,182.156
42.5,170.512
41.63,196.986
42.58,219.758
43.59,192.952
43.37,187.396
41.08,422.044
40.99,352.458
39.61,379.42
39.96,217.604
39.72,202.272
41.87,246.79
42.7,228.638
43.45,253.706
43.25,64.702
44.29,208.52
44.18,175.364
43.98,188.484
43.61,208.578
43.69,161.9
43.07,193.646
43.1,172.86
42.09,205.784
43.04,182.7
43,156.728
44,197.26
42.19,295.866
40.83,215.536
42.05,162.458
42.3,193.878
42.61,149.524
43.74,167.108
45.34,181.664
45.25,84.934
45.1,137.724
45.16,109.802
45.48,188.786
45.83,164.8
47.11,231.078
47.45,205.278
47.76,192.29
48.97,254.692
48.76,190.434
49.86,299.194
50.41,286.874
49.62,343.472
48.8,540.178
48.5,241.086
48,212.89
47.97,150.658
48.21,147.75
47.35,111.794
48.23,156.49
48.45,146.568
47.3,166.252
46.57,316.582
47.14,165.234
47.45,209.704
46.68,202.934
46.04,172.764
46.7,188.554
46.57,145.076
47.25,114.956
47.4,77.438
47.94,156.192
48.07,95.77
47.87,143.224
47.18,116.488
46.74,100.64
46.73,120.078
47,162.15
46.51,186.394
44.86,220.202
44.5,331.2
43.82,272.842
44.4,308.776
44.88,265.802
44.6,214.912
43.57,200.064
44.21,184.744
44.78,202.946
45.43,202.976
44.28,209.942
43.75,264.516
42.56,280.288
43.26,173.058
43.37,142.532
42.97,200.028
45.05,320.292
45.29,202.072
46.69,284.41
45.15,240.576
44.84,185.974
44.57,174.184
46.99,237.09
47.53,169.508
47.9,177.056
48.86,173.704
49.3,210.798
49.71,224.23
50.63,226.496
50.99,227.944
49.3,236.728
49.25,332.236
56.24,905.658
55.97,346.908
55.08,260.066
54.95,204.074
54.87,176.284
54.78,192.006
55.84,192.278
55.95,200.808
54.76,204.652
57.97,328.78
57.5,198.402
58.35,219.094
58.25,201.466
58.32,205.694
56.4,292.664
54.59,530.966
52.4,294.832
53.86,248.918
53.92,155.79
53.2,203.606
53.74,228.79
52.4,313.606
54,345.534
27.18,261.081
28.1,199.478
27.67,192.049
27.66,139.869
27.98,190.847
28.9,256.351
28.3,165.372
28.85,154.43
29.76,237.019
30.5,250.081
30.4,209.331
30.8,186.451
31.16,166.718
32.82,288.017
32.84,300.556
31.81,185.009
32.2,162.678
32.52,179.882
33,183.372
33.01,169.899
32.74,175.377
32.24,117.669
32.58,147.96
32.77,112.818
32.53,116.587
32.87,158.094
32.38,123.674
32.55,151.366
34.19,273.707
34.38,156.2
35.36,202.608
36.27,247.392
35.77,150.092
36.51,213.741
35.34,285.254
34.54,162.423
34,274.969
33.14,355.976
31.24,875.327
30.98,264.626
30.36,196.619
30.8,190.833
31.15,187.587
31.01,135.66
30.75,186.543
29,320.203
29.63,195.135
30.15,194.933
29.32,260.794
28.97,157.623
28.75,214.845
30.22,255.972
30.38,245.927
30.8,187.473
31.12,162.657
30.61,122.508
30.59,177.292
28.23,301.545
28.46,276.42
26.7,301.772
26.39,189.977
27.24,244.497
27.81,248.053
27.93,187.793
27.88,162.784
28.77,159.236
29.16,196.098
28.54,223.583
28.97,276.575
28.83,172.287
29.19,130.244
29.08,165.374
29.5,155.181
29.49,97.56
29.57,83.275
29.07,127.627
28.7,113.817
29.04,166.681
30.16,172.477
30.31,127.827
30.1,163.312
30.47,186.602
30.7,163.538
31.12,113.125
31.99,174.764
33.55,282.456
33.4,169.159
33.94,233.361
33.5,150.49
34.04,187.022
33.48,170.635
33.75,222.398
33.33,156.951
33.25,112.856
32.72,152.188
33,182.182
34.15,301.837
34.49,257.069
35.14,221.003
35.45,212.641
35,149.344
35.15,171.18
35.49,162.337
35,161.527
34.55,126.644
34.48,312.84
36.28,494.923
35.15,228.616
35.03,196.575
35.4,198.014
35.69,222.916
34.57,159.439
35.93,279.37
36.75,356.432
35.24,177.183
35.39,156.987
36.52,209.681
36.5,132.452
36.72,134.325
37,164.369
38.15,229.254
39.25,253.775
37.95,198.123
37.85,254.281
37.32,153.685
37.63,149.378
37.19,141.604
37.82,166.401
38.3,165.452
38,131.081
37.41,151.601
37.37,151.891
37.78,154.01
37.41,159.366
36.5,172.561
37.05,146.91
37.64,164.952
38.15,62.309
38.24,138.951
38.19,109.651
38.03,132.048
39.4,224.375
39.79,158.909
39,120.075
38.93,177.189
37.44,140.068
38.64,189.007
38.58,100.197
38.32,102.666
38.47,100.885
38.59,97.105
38.36,182.923
37.54,136.409
37.53,183.304
37.16,123.935
37.35,112.977
37.5,60.455
38,110.958
37.99,112.91
38.4,101.602
38.21,69.557
38.2,75.566
38.9,254.828
38.54,266.253
36.98,184.691
36.5,208.353
36.46,185.963
36.76,174.828
36.58,197.119
36.18,232.747
36.32,185.265
36.7,276.977
37.46,427.096
38.2,443.032
36.42,302.391
36.11,266.08
35.52,314.774
34.76,265.214
35.74,257.675
35.49,214.508
35.24,178.537
35.44,207.122
35.28,186.336
36.34,334.952
35.67,167.424
35.3,168.502
35.19,145.889
34.91,173.215
34.66,182.851
33.72,326.374
34.7,200.058
34.41,200.653
34.92,203.919
34.82,221.762
34.79,162.035
33.98,124.361
33.82,181.426
32.92,347.571
31.49,554.573
31.96,201.149
33.77,252.664
32.67,202.225
32.6,153.572
32.48,178.961
32.57,174.998
33.31,176.792
33.73,178.393
33.15,218.244
32.56,193.812
32.21,133.648
31.83,197.62
32.28,208.808
32.35,179.52
31.98,137.602
31.73,207.964
31.77,184.494
31.98,195.706
31.33,139.171
32.09,231.62
32.5,206.244
32.84,235.447
33.6,282.679
34.2,253.9
34.77,279.554
35.27,278.533
35.4,202.759
35.42,235.74
35.25,205.75
35.14,111.063
35.09,117.585
34.5,226.819
34.46,168.861
34.2,198.553
33.41,270.085
33.09,192.012
33.33,341.585
35.25,501.044
35.91,277.316
35.88,318.698
35.59,238.836
35.42,179.212
35.14,148.613
34.93,161.593
34.75,156.661
34.85,132.315
34.6,220.428
35.5,234.109
35.29,169.263
35.08,142.022
34.65,99.917
34.37,132.27
34.88,195.371
35.37,189.067
35.35,158.559
35.5,154.739
35.8,131.784
36.58,237.69
36.99,212.671
36.64,137.719
37.1,216.162
37.1,174.213
36.42,149.951
37.19,155.477
37.47,102.566
37.35,124.983
38.9,281.538
38.71,131.507
38.79,128.133
38.74,124.16
38.95,228.483
37.45,201.211
37.48,184.551
37.5,142.169
37.51,115.863
37.05,127.812
37.11,227.539
36.74,122.287
36.98,159.528
36.84,127.532
37.31,162.192
37.32,121.481
37.31,155.477
36.4,134.682
36.11,120.447
36.24,133.462
35.94,164.819
35.17,166.995
34.85,98.616
35.08,160.867
34.97,135.857
34.77,163.543
34.87,155.154
35.81,202.33
36.49,196.658
36.98,168.975
37.5,147.222
37.16,123.722
36.78,110.193
38.02,326.855
34.35,826.233
33.76,377.785
33.77,275.615
34.08,232.526
34.3,168.192
34.37,204.975
34.31,118.716
34.06,162.361
33.69,126.371
34.2,175.819
34.68,182.406
34.6,111.434
34.28,118.738
34.18,130.662
34.32,99.874
34.77,180.479
35,223.919
34.88,133.061
34.87,112.445
34.66,118.671
34.73,104.437
34.73,121.542
34.47,128.104
34.1,210.544
33.33,169.127
33.68,232.495
33.62,125.649
33.81,98.334
33.78,114.276
33.67,134.96
33.39,130.355
33.51,118.485
33.37,68.49
33.78,125.133
34.26,125.453
33.93,174.644
33.6,152.479
34.34,185.803
34.71,193.466
34.5,150.174
33.99,104.048
33.77,208.583
33.47,154.299
33.11,145.789
33.1,218.96
32.41,182.594
32.25,149.037
32.55,135.482
32.61,122.469
32.8,116.228
33.7,222.091
34.1,156.97
34.12,131.845
34.37,143.31
33.93,146.42
34.3,218.361
34.29,122.532
34.9,152.278
34.84,165.047
34.71,160.896
33.85,162.546
33.62,174.252
34.3,219.946
34.76,350.103
35.94,632.54
36.94,292.67
36.33,284.234
35.49,195.919
35.38,144.411
35.75,171.256
35.66,116.05
35.92,141.238
37.27,248.671
38.71,419.321
38.04,178.862
38.28,168.808
37.99,116.561
38.18,116.527
38.5,144.344
38.04,122.176
38.75,137.224
39.05,122.344
38.72,101.125
38.61,119.816
40.07,394.646
42.5,447.96
42.41,307.476
42.98,279.155
42.65,263.895
43.45,214.71
42.84,82.53
41.77,231.909
41.59,286.982
40.84,316.087
41.25,200.696
41.85,144.114
41.03,153.894
41.18,163.568
40.63,156.449
40.54,128.516
40.87,111.169
40.54,97.763
41.4,172.647
41.68,230.342
41.84,209.008
42.67,218.05
42.89,185.637
41.36,152.695
41.05,116.269
41.68,95.483
41.1,50.702
40.94,116.729
40.48,115.679
40.35,101.166
39.56,122.33
41.22,242.277
41.9,205.49
41.73,128.291
43.57,294.184
43.66,162.669
43.34,162.872
42.31,261.914
41.99,189.217
41.08,309.608
40.39,417.97
36.16,1185.561
35.84,609.13
34.66,576.446
34.4,308.876
35.2,316.678
35.48,237.792
35.25,284.714
35.27,243.174
35.23,290.306
35.2,365.38
35,436.004
35.1,183.235
34.05,326.396
33.95,235.231
33.1,372.368
33.4,281.129
33.36,253.352
32.6,196.286
32.44,261.393
32.83,261.986
33.33,195.421
33.4,195.001
33.14,126.202
33.07,143.281
33.34,184.335
33.66,149.476
33.34,101.364
33.21,118.219
32.98,399.262
32.42,184.661
32.11,234.873
32.07,231.96
31.94,172.112
32.2,233.651
31.55,209.102
31.32,182.77
31.1,289.914
30.97,184.377
31,192.947
31.28,207.58
30.88,171.08
30.36,236.297
30.93,214.552
30.78,188.764
30.91,231.474
31.95,338.34
32.31,178.165
32.08,148.585
32.5,259.815
32.91,255.082
32.83,143.14
32.63,126.773
32.53,148.879
32.25,162.327
32.5,119.825
33.14,215.726
32.97,129.802
32.63,96.18
32.6,221.056
31.5,149.269
31.4,156.098
31.79,182.399
31.38,386.045
33.98,772.536
33.7,234.039
34.09,252.15
33.45,154.416
33.06,223.632
33.09,244.264
33.5,196.357
33.45,132.835
33.1,197.522
32.91,162.76
33,232.926
32.56,104.023
32.75,146.892
33.43,181.882
34,133.964
32.56,137.975
32.17,242.77
31.18,167.456
31.25,133.507
31.22,153.337
31.26,398.475
30.36,382.54
29.75,331.219
30.98,350.893
31.63,285.834
32.02,272.863
33.5,347.327
33.02,138.426
32.89,162.476
32.32,213.067
32,166.524
32.19,164.709
31.43,171.885
30.97,156.156
31.25,174.701
30.99,205.386
30.8,100.447
30.65,143.446
30.2,164.357
30,192.575
30.96,223.75
30.86,129.517
30.75,122.367
30.65,126.132
31.54,182.529
31.16,115.003
31.76,173.785
31.7,114.57
32.22,165.894
32.17,140.328
33,157.459
33.12,225.666
33.44,80.671
32.99,134.539
33.22,138.015
33.05,123.725
33.14,153.176
33.35,112.859
33.74,187.084
33.16,194.635
32.48,124.847
32.4,163.696
32.26,397.677
26.7,2043.39
26.21,546.597
26.06,361.871
27.23,426.313
27.19,213.888
27.51,200.738
27.5,251.53
27.5,215.848
27.55,164.926
27.12,186.131
27.1,181.162
27.05,154.685
27.58,116.079
27.11,128.472
27.7,193.328
27.85,147.361
27.8,125.979
27.72,92.522
27.8,106.401
28.2,152.985
28.46,125.894
29.32,172.516
29.97,196.113
29.52,115.752
29.65,108.918
29.47,88.374
29.13,89.836
29.28,62.038
29.25,104.047
29.01,98.888
29.14,131.193
29.02,88.793
29.53,115.736
29.48,114.256
29.01,128.006
28.51,184.344
28.32,97.818
28.73,129.36
29.22,100.05
29.37,152.484
29.24,95.655
29.57,195.503
29.39,156.85
29.13,1277.186
26.09,556.366
25.95,285.845
25.69,206.674
25.87,199.924
25.48,349.501
25.01,298.359
25.5,353.312
25.59,189.826
25.46,196.413
25,211.483
25.26,217.179
25.25,176.34
25.5,208.47
25.72,157.295
25.03,303.719
24.64,393.563
24.38,258.245
24.5,513.389
24.52,364.964
24.35,674.172
24.75,1116.609
23.59,422.804
23.27,497.956
23.5,263.012
23.64,317.04
24.64,401.106
25.33,384.358
25.6,296.472
26.4,352.958
26.7,334.928
26.62,263.002
26.6,348.245
26.7,153.138
26.7,225.636
27.15,284.427
27.25,233.848
27.65,274.286
27.5,213.666
27.62,168.765
27.5,201.457
27.5,221.127
27.33,385.085
27.05,179.552
27.04,202.72
27.34,211.383
28.56,320.558
28.49,93.844
28.5,199.223
27.24,149.408
27.4,193.751
27.15,149.163
27.25,200.558
27.3,280.127
27.61,271.182
27.45,352.028
27.16,224.07
26.78,192.622
26.7,129.169
27.38,319.716
27.23,204.286
26.97,144.003
27.22,272.273
26.97,194.312
26.5,189.738
26.31,249.056
25.75,270.506
25.88,146.661
25.61,84.005
25.88,124.218
25.72,119.084
25.82,162.978
26.26,263.527
26.92,325.122
27.87,642.646
28.04,257.137
28.05,256.215
28.92,402.4
29.37,284.575
29.5,209.711
29.88,244.484
29.4,177.961
28.99,238.694
28.34,247.577
27.9,231.998
27.54,437.281
29.2,810.175
29.05,283.562
28.52,213.348
28.21,168.59
28.39,135.766
28.48,141.003
28.71,179.052
28.92,164.831
28.8,111.633
29.56,245.068
30.15,291.626
30.24,155.617
30.16,181.722
29.77,183.162
29.68,128.023
30.86,308.211
31.65,281.603
32,367.748
32.21,200.265
31.77,279.992
32.08,154.851
32.18,215.335
32.84,282.952
31.64,315.052
31.47,304.878
31.23,240.129
30.89,181.366
31.9,214.69
31.06,334.726
31.03,160.143
31.04,137.151
30.15,727.499
30.11,359.916
30.24,182.638
30.04,236.049
30.07,154.409
30.11,197.993
30.19,99.838
30.35,122.038
31.39,266.673
31.44,129.898
31.7,127.279
31.74,129.07
31.66,94.031
31.7,131.625
31.73,138.15
31.6,94.25
31.4,86.688
32,123.246
31.87,78.362
32.09,138.781
32.24,124.08
32.02,127.976
31.73,161.411
31.42,139.048
31.5,120.063
31.79,143.591
32.14,432.238
28.9,1278.753
28.23,456.647
27.86,391.233
28.14,272.624
28.26,259.64
28.27,355.686
28.65,323.31
28.86,210.97
28.5,175.963
28.35,183.109
28.26,169.118
28.5,201.195
33.61,2456.114
30.98,412.439
31.1,280.182
30.44,235.331
30.69,265.702
30.08,138.388
30,208.959
29.42,222.268
29.37,329.448
29.13,235.35
29.8,354.872
29.86,189.559
29.35,191.313
29.37,279.644
28.88,191.229
28.73,103.346
28.73,139.815
28.38,160.468
28.85,158.591
29.13,123.988
28.78,134.288
28.59,204.948
28.11,335.082
27.73,342.323
27.45,186.185
27.52,148.565
27.66,222.036
27.41,312.107
27.64,189.194
27.52,238.169
28.34,709.194
29.4,659.675
28.17,334.964
27.94,178.858
27.79,337.969
27.77,212.322
28.18,253.24
27.66,139.97
27.49,171.245
27.38,138.425
27.27,210.11
27.25,116.434
27.14,160.719
27.14,122.845
27.33,175.158
27.57,246.355
27.05,219.707
26.97,200.823
26.97,185.227
26.74,308.045
27.8,536.561
26.72,651.259
26.34,295.379
25.89,380.561
25.46,266.315
25.34,289.81
25.32,218.824
24.49,333.733
24.49,357.838
23.88,209.766
23.93,215.758
23.4,220.304
23.7,210.989
23.39,197.021
23.15,289.48
23.7,200.753
23.87,171.98
24.45,240.525
24.22,229.398
24.74,213.176
24.7,187.071
24,187.677
23.15,296.522
23.63,195.282
23.74,133.389
23.48,259.629
23.52,187.637
23.36,156.03
23.73,111.911
23.76,165.238
23.1,180.306
22.69,245.999
22.91,181.725
22.83,130.525
24.5,435.986
24.4,230.71
24.32,139.221
24.05,125.919
23.85,152.46
23.84,172.075
23.94,165.537
23.96,103.09
25,288.686
25.1,205.94
25.21,281.21
25.37,258.679
25.61,173.12
26.21,530.749
26.4,275.978
26.65,337.213
27.07,186.924
26.95,213.652
26.89,221.556
27.1,169.387
27.24,151.334
27.38,180.525
27.29,192.036
28.16,283.896
28.17,150.607
28.76,195.395
28.7,148.471
28.68,252.983
28.51,221.305
28.4,229.941
27.48,562.753
29.2,750.677
29.6,281.522
29.96,419.33
30,277.501
30.88,454.062
30.98,336.031
31.62,387.066
33.99,660.181
34.08,836.858
31.64,524.173
31.75,347.62
31.1,269.133
31.21,340.903
32.37,435.203
31.79,636.644
29.3,570.698
28.24,581.606
26.38,451.997
26.2,312.642
26.24,341.233
26.44,381.837
25.75,279.208
27.13,530.444
27.35,330.662
27.25,256.725
26.58,233.201
26.4,92.494
26.25,241.746
26,194.845
26.7,232.393
26.71,179.297
27.33,239.94
27.2,152.501
26.73,146.688
26.73,211.709
26.02,192.365
26.11,114.432
25.57,260.749
25.65,285.791
25,202.412
24.75,237.874
24.47,151.255
24.03,378.771
23.35,277.356
23.69,265.473
23.8,210.307
24.1,240.946
24.19,248.618
24.25,98.216
24.15,160.415
23.71,137.73
23.43,147.826
24.15,256.717
24.19,201.797
23.81,207.458
23.56,247.694
23.65,229.74
22.8,466.627
24.57,523.421
24.13,272.974
23.76,185.529
23.49,319.11
22.75,381.553
22.17,288.126
21.61,412.393
21.03,381.262
20.34,420.642
21.75,398.233
22.37,283.868
21.9,324.731
20.9,792.3
20.81,1159.933
19.35,414.498
29.83,4382.488
29.5,1448.14
29.57,685.837
29.33,556.488
29.19,442.488
29.22,556.189
30.05,672.537
29.84,424.456
30.07,570.477
30.25,380.456
30.15,401.252
29.42,386.796
29.04,293.388
29.17,346.819
28.64,261.578
28.57,324.706
28.55,260.13
28.49,276.641
28.82,301.132
28.41,238.605
28.08,227.651
28.07,283.05
28.78,302.801
28.98,345.91
29.18,282.66
28.98,296.985
29.16,220.774
29.02,183.383
28.27,754.29
27.96,443.86
26.64,337.719
27.72,380.744
27.79,233.175
27.91,298.645
28.07,173.608
28.75,337.596
28.78,152.715
28.5,155.584
29.09,342.742
29.12,172.246
28.62,204.836
28.6,301.804
28.22,145.354
28.45,282.907
28.15,294.551
27.82,179.356
27.95,317.683
28.69,326.712
28.61,184.337
28.34,141.595
28.25,120.966
28.4,92.049
28.4,108.488
28.67,252.922
28.68,183.687
28.88,285.64
28.35,311.344
28.08,259.44
26.93,505.231
27.09,208.693
27.48,366.78
27.78,310.341
28.34,520.71
29.73,804.473
24.93,2793.184
26.25,1801
25.71,846.983
26.44,613.086
26.19,306.869
25.88,413.194
26.84,813.512
27.36,645.711
27.98,797.487
27.95,613.183
28.33,553.486
28.2,294.509
27.95,383.172
27.61,247.374
27.74,240.357
27.63,207.039
27.48,217.856
27.36,179.053
27.1,177.718
26.81,263.794
26.6,255.86
27.05,299.736
26.64,301.673
27.08,377.584
26.86,172.783
26.58,118.54
26.46,133.154
26.33,1224.121
23.48,1184.677
23.58,447.119
23.58,228.088
23.22,142.559
22.87,190.013
22.53,346.069
22.12,298.192
23.71,852.117
22.24,195.309
21.89,239.939
21.46,302.368
21.2,171.735
20.49,366.347
21.9,584.181
21.75,219.238
24.25,842.459
24.66,342.346
24.8,219.804
24.1,185.018
23.89,231.419
23.24,227.85
22.08,257.409
22.6,207.387
23.49,319.479
22.55,233.754
22.19,246.456
21.7,297.865
22.48,482.797
21.06,244.225
21.19,204.062
21.17,137.338
20.34,170.238
20.18,250.168
20.15,166.211
20.12,197.77
19.77,140.644
19.91,144.152
20.18,146.99
20.25,140.175
20.19,136.4
20.28,129.037
20.6,138.837
20.48,119.545
20.57,111.033
20.82,149.451
20.52,148.674
19.91,128.51
19.65,164.265
19.18,169.951
19.68,110.875
19.4,137.793
19.2,87.705
19.45,93.001
19.76,117.295
19.6,112.049
19.77,169.437
19,115.571
18.81,238.925
18.34,170.891
18.37,164.474
18.19,252.717
17.79,196.196
18.57,284.08
19.17,213.011
19.14,325.672
19.35,338.97
19.08,288.193
20.82,372.863
20.79,316.491
19.6,169.119
19.13,202.301
19.19,127.662
19.56,145.121
19.25,149.228
18.92,395.703
17.62,236.723
17.31,137.25
16.85,234.162
16.44,258.249
16.07,428.621
15.49,276.964
14.58,316.511
13.9,408.089
12.92,386.832
13.51,260.497
13.93,269.097
12.55,275.299
13.73,1076.742
13.5,389.748
13.03,250.106
12.74,283.855
12.84,356.71
12.7,277.513
12.33,297.181
12.19,163.723
12.4,227.957
12.61,214.43
13.18,267.571
13.36,240.176
12.89,103.856
13.49,249.8
14.84,712.641
14.89,444.317
12.5,472.804
12.4,167.081
11.67,332.946
11.34,290.467
11.17,252.127
11.5,190.724
10.94,146.014
12.4,516.71
11.58,576.808
10.01,373.118
9.48,298.953
10.27,224.526
10.2,168.892
10.58,136.4
11.59,123.976
11.98,262.425
12.5,462.549
11.5,240.946
11.48,184.478
11.7,199.739
12.49,337.822
12.54,289.434
13.57,466.96
13.36,265.287
13.23,246.367
13.29,201.311
13.48,185.441
13.43,127.83
13.27,149.979
13.32,175.519
13.08,129.464
12.65,74.747
12.48,25.001
12.38,38.739
12.46,99.135
12,74.806
12.3,90.855
12.85,95.146
13.01,119.899
13.24,100.56
13.16,249.959
13.07,143.55
13.56,192.81
13.1,199.769
12.79,257.204
12.53,235.952
12.35,252.475
11.97,247.837
11.8,186.92
11.59,158.922
11.51,172.017
11.55,158.64
11.28,164.698
11.37,337.082
12.38,356.868
12.24,221.241
12.15,215.089
12.32,212.23
12.71,186.697
13.23,229.338
13.52,175.668
13.84,175.946
14,156.862
13.9,241.484
12.91,137.266
12.66,154.525
12.99,111.393
12.58,157.084
12.53,124.343
12.59,125.376
12.27,164.855
12.35,165.173
12.86,225.293
12.79,161.957
13.39,265.719
13.33,203.926
12.97,209.349
12.87,165.097
13.49,240.762
13.07,184.77
13.18,309.942
13.45,231.197
13.4,227.309
13.5,175.05
13.6,166.825
13.64,125.226
13.66,194.488
14.04,167.194
13.95,263.243
14.14,259.543
13.87,220.793
14.12,182
14.02,172.936
13.88,167.464
13.61,242.234
13.61,224.262
13.14,165.588
13.1,120.66
13.12,145.404
13.14,288.231
13.39,185.349
13.24,119.357
13.1,123.064
13.01,112.41
13.59,172.858
14.54,350.676
14.42,151.517
14.09,123.832
14.53,191.565
14.52,198.004
14.25,134.705
14.59,542.377
15.39,654.078
14.74,329.432
14.94,258.03
14.55,226.406
14.05,188.565
14.35,165.709
14.6,258.833
14.5,237.217
14.25,250.946
14.99,352.332
15,191.058
15.1,243.285
15.3,224.612
15.83,394.924
15.5,314.033
14.95,235.854
14.86,208.418
15.1,225.259
15.18,186.295
15.34,136.76
15.31,157.816
15.12,151.868
15.17,191.505
15.44,199.53
15.53,189.774
15.24,191.316
15.84,295.575
16.65,279.261
16.75,152.867
16.5,263.581
16.71,190.014
16.99,173.114
16.49,136.926
16.5,130.832
16.72,157.712
16.46,150.423
16.47,169.629
16.68,232.517
16.38,151.16
16.03,165.213
15.64,161.854
15.84,203.231
15.61,264.887
14.9,158.663
15.6,309.797
15.67,198.278
15.8,264.491
16.01,123.24
15.9,160.339
15.69,127.161
15.28,169.199
14.93,136.907
14.93,220.217
14.69,153.527
14.68,155.982
15.18,230.612
15.06,131.744
15.22,130.395
15.74,188.136
16.25,219.195
16.91,325.147
17.43,277.608
17.11,336.018
17.48,536.155
17.68,375.249
17.59,199.447
17.48,199.518
17.49,361.526
16.2,1268.077
15.14,1008.89
14.89,626.599
14.62,439.769
14.68,430.848
14.91,509.101
14.86,356.595
14.9,282.61
14.68,183.509
14.65,178.232
14.76,242.562
15.07,401.93
15.14,288.171
14.78,292.683
14.78,147.973
14.91,155.015
14.9,155.799
14.96,235.377
15.19,261.71
15.21,228.506
15.14,158.453
15,304.11
15.08,339.182
14.8,154.205
14.68,306.153
14.33,235.915
14.43,146.619
14.64,170.039
14.66,177.122
14.86,190.963
15.63,490.833
15.68,268.607
15.58,194.512
16.49,646.682
17.11,535.947
17.79,620.1
17.7,864.026
17.23,268.269
17.22,305.888
17.6,368.143
17.32,264.937
17.15,207.014
17.47,264.122
17.66,316.001
17.94,398.782
17.72,248.716
17.35,326.853
17.13,222.249
17.35,214.276
17.49,124.567
17.86,279.669
17.48,290.157
17.11,169.047
17,194.925
17.03,175.08
16.89,243.373
16.85,204.79
17.29,178.78
17.41,383.204
18.02,462.045
17.75,160.181
17.75,177.604
17.2,212.131
16.87,199.178
16.77,250.448
16.38,391.467
16.37,223.217
15.9,152.582
15.79,172.402
15.9,186.971
16,277.325
16.03,135.625
16.19,148.319
16.36,240.974
16.16,163.461
16.28,102.101
16.1,264.538
16.19,261.252
16.11,222.495
16.13,127.754
15.85,268.91
15.74,161.273
15.65,245.014
15.49,197.74
15.35,213.706
15.09,114.529
15.1,175.87
15.19,170.965
15.5,178.078
15.38,171.962
15.38,175.76
15.65,180.352
15.9,311.606
15.54,253.969
15.57,187.43
15.9,226.075
15.97,180.863
15.88,132.729
15.82,206.375
15.96,261.567
16.14,300.211
16.17,178.061
16.08,106.316
16.7,235.841
16.75,47.366
16.94,115.043
16.97,134.502
16.99,81.88
16.96,95.156
17.2,165.874
17.23,117.181
17.3,164.22
16.9,318.163
16.76,154.7
16.83,161.819
16.86,156.724
16.98,169.556
17.23,167.156
17.25,184.15
16.96,151.826
16.68,144.195
16.58,218.584
16.21,251.328
16.11,196.837
16.17,439.794
16.49,417.01
15.96,301.595
15.67,396.646
15.3,298.657
15.32,275.552
15.6,247.306
15.52,276.681
15.25,207.138
15.47,198.564
15.24,167.169
15.02,365.181
15.25,245.095
15.19,189.264
15.48,214.472
15.52,127.319
15.6,137.001
15.71,154.079
15.68,104.635
15.51,183.467
15.71,192.842
15.35,201.269
15.41,149.756
15.83,172.38
15.96,201.018
15.85,206.138
15.85,229.06
16.38,214.15
16.61,305.54
16.72,207.552
16.94,330.886
16.65,217.329
16.59,231.064
16.64,189.677
16.59,183.099
16.63,137.546
16.57,126.262
16.81,178.71
16.54,187.435
16.34,318.757
16.2,326.545
16.59,274.874
16.57,232.249
16.68,149.028
16.69,162.041
16.58,119.969
16.6,201.038
16.56,92.202
16.98,256.967
16.92,199.21
17.41,453.692
18.07,477.32
17.88,228.289
18.3,475.145
18.47,410.248
19.12,600.247
18.68,514.247
18.4,269.718
18.53,391.719
17.78,716.862
17.78,362.314
17.83,189.01
17.72,173.638
17.36,228.51
17,264.525
17.05,167.881
17.13,196.882
16.99,181.624
16.9,313.753
16.7,230.042
16.51,321.258
15.95,439.41
16.83,281.035
16.64,277.865
16.5,164.059
16.5,153.638
16.66,281.114
16.47,219.35
16.44,161.822
16,204.854
15.49,337.89
15.9,312.153
15.79,201.168
15.31,278.563
15.83,336.56
15.84,310.917
15.69,176.197
15.55,304.755
15.2,249.93
15.5,283.951
15.38,236.064
15.36,191.532
15.12,355.007
15.06,181.086
15.14,212.491
15.35,140.566
15.49,124.931
15.69,138.883
15.65,159.203
15.72,107.693
15.67,127.671
15.84,204.128
15.51,224.181
15.39,133.74
15.19,182.877
14.92,298.176
14.86,81.754
14.54,318.259
14.22,239.129
14.15,332.225
14.24,185.644
14.46,173.341
14.42,174.179
14.77,170.887
14.93,126.82
15.21,155.859
15.6,223.288
15.42,122.557
15.39,126.266
15.37,168.298
15.38,161.682
15.28,295.783
14.28,780.358
14.17,426.776
14.04,343.184
14.22,232.478
14.1,209.71
13.99,135.226
13.96,167.03
13.98,183.804
14.08,141.672
14.07,140.986
14.2,142.972
14.25,130.727
14.38,133.948
14.52,122.026
14.46,96.58
14.2,132.355
13.99,116.599
13.96,78.456
13.9,114.164
14,132.986
14.05,155.333
14,141.007
13.95,171.922
13.87,122.976
13.64,134.258
13.37,155.568
13.4,146.027
13.47,127.056
13.42,71.209
13.14,164.895
13.41,246.167
13.55,181.902
13.75,124.785
13.62,102.406
13.82,121.027
13.92,177.355
13.77,185.901
13.88,242.614
13.76,230.645
14.35,900.354
14.23,272.815
14.33,795.654
14.06,262.346
14.26,320.484
14.25,185.674
14.24,169.316
14.51,241.548
14.53,206.74
14.45,160.741
14.39,244.757
14.35,203.762
14.35,160.965
14.32,205.575
14.77,239.884
14.7,202.97
14.61,180.686
14.56,161.029
14.58,83.482
14.47,124.657
15.48,507.734
16.76,1234.499
16.73,584.818
16.28,358.765
15.8,326.786
16.25,377.902
16,269.355
16.41,242.641
16.44,172.515
16.48,223.49
16.43,137.644
16.45,126.895
16.52,160.137
16.52,143.606
16.4,99.647
16.23,173.255
16.35,264.847
16.4,134.14
16.5,155.615
17.6,562.189
17.01,170.126
16.86,153.106
16.75,177.034
16.89,189.346
16.49,234.841
16.33,103.058
17.17,465.001
16.97,240.362
16.65,143.169
16.43,224.379
16.48,115.617
16.4,49.539
16.45,146.53
16.34,249.811
16.4,174.359
16.41,131.673
16.37,92.28
16.6,120.638
17.07,290.564
17.22,217.733
17.19,86.733
17.05,89.853
16.99,127.554
16.84,114.295
16.73,109.442
16.7,129.405
16.66,248.961
16.42,175.664
16.68,113.947
16.78,67.675
16.73,88.892
16.63,74.923
16.54,83.891
16.77,76.686
16.77,83.189
16.76,77.545
16.94,176.84
16.83,110.928
16.91,234.477
17.34,306.568
17.17,198.695
16.8,161.767
16.73,146.157
16.81,150.662
16.92,159.61
16.83,135.935
16.68,213.925
16.55,171.3
16.33,146.227
16.31,233.662
16.24,233.753
16.19,266.731
16.05,496.908
16.36,390.67
16.21,247.34
16.2,229.114
16.46,269.389
16.66,211.068
16.91,333.146
16.91,191.279
17,160.465
16.85,179.32
16.7,177.787
16.72,154.305
16.87,153.863
16.93,145.03
17.39,313.952
17.82,418.241
17.82,235.666
17.84,137.299
17.39,347.595
17.1,352.251
16.73,315.704
16.77,169.396
16.6,202.103
16.49,167.028
16.85,245.211
17.05,352.021
17.2,202.742
17.15,187.708
17.02,127.172
17.7,337.98
17.39,256.597
17.54,194.549
17.44,216.155
16.68,514.893
16.48,383.785
16.42,375.488
16.19,266.604
16.5,206.137
16.48,306.924
16.34,308.425
16.91,201.203
17.05,210.472
17.06,160.667
16.78,100.379
16.92,129.446
16.88,151.315
16.98,124.874
17.05,95.608
17.29,184.645
17.2,132.987
17.1,127.787
17.11,131.142
16.96,348.419
16.64,197.836
16.69,167.004
16.82,165.955
16.78,147.565
16.44,219.357
16.36,315.474
17.23,343.104
16.94,139.852
17.31,177.715
17.37,200
17.43,166.424
17.53,144
17.77,308
18.35,440.306
18.64,326
18.38,235.849
18.56,308
18.8,296.908
18.84,155.956
18.7,184.751
18.61,1312
17.81,530
16.84,1200.576
16.69,620.822
16.07,312.052
16.16,258.802
16.49,403.564
16.44,235.827
16.17,193
16.41,231.506
16.99,341.726
16.22,239.995
16.19,200.912
16.59,302.666
16.43,402.956
16.11,210.05
16,222.452
15.85,182.004
15.65,165.161
15.38,219.866
15.33,186.819
15.73,194.524
15.34,145.812
15.56,219.944
15.05,412.861
15.09,244.467
14.98,229.634
15.42,326.465
15.38,175.078
15.53,301.547
15.09,325.247
15.16,253.406
14.98,138.363
15.18,160.566
15.05,254.652
15.1,349.057
15.5,162.725
15.67,204.817
15.81,182.872
15.95,209.914
15.69,143.649
15.44,214.867
15.18,227.911
15.1,166.461
14.99,270.786
14.94,197.451
14.69,245.048
14.69,301.682
14.15,630.984
13.63,304.871
14.05,301.448
13.88,167.254
13.99,209.342
13.9,205.595
13.71,206.365
14.07,677.985
13.34,268.8
13.18,258.003
13.07,261.619
12.86,394.423
12.12,470.662
11.8,595.776
12.09,474.841
12.14,480.274
12.92,510.988
13.62,484.725
13.69,256.828
13.57,255.819
13.62,170.065
13.09,304.477
13.08,261.839
13.23,141.994
13.35,171.865
13.3,249.672
13.21,218.118
12.89,358.826
13.68,309.908
13.98,291.623
13.94,253.907
13.78,179.627
13.13,205.086
12.95,544.553
14,773.242
14.49,939.72
14.57,600.319
14.28,326.927
14.34,199.288
14.94,373.85
15.4,585.851
15.34,568.279
14.79,272.901
14.66,217.672
14.6,320.128
14.25,604.563
14.83,493.332
14.8,244.662
15,250.844
14.62,212.847
14.39,457.766
13.44,302.328
14.04,431.963
14.48,444.872
16.15,973.302
15.8,499.611
15.75,279.54
16.04,330.85
15.95,180.503
15.95,205.854
16.37,324.873
16.15,235.201
16.04,212.04
15.74,313.779
16.79,542.645
16.49,408.169
16.39,297.394
16.75,298.64
16.7,240.597
16.44,236.301
16.7,197.722
16.7,202.869
16.07,397.637
15.08,418.347
15.3,207.588
15.5,168.095
15.54,418.53
15.7,223.907
16.18,250.797
16.5,453.283
16.22,153.664
16.31,145.416
16.31,142.776
16.05,176.507
16.1,143.676
15.77,174.437
15.69,171.603
15.19,236.769
15.08,148.36
15.24,201.252
15.25,107.818
15.47,190.29
15.94,292.94
16.04,347.182
16.46,470.598
16.41,227.145
16.14,198.965
16.05,173.332
15.86,197.505
15.76,181.261
15.96,134.463
15.72,146.894
15.74,155.844
15.28,272.511
15.29,148.298
15.26,326.172
15,214.473
15.19,158.857
16.24,471.276
16.4,338.128
16.26,178.659
16.17,97.395
16.05,146.799
16.23,152.809
16.21,108.328
16.39,197.086
16.16,356.553
15.69,194.228
15.66,133.084
15.61,131.919
15.71,140.488
15.62,108.008
15.73,126.646
15.67,117.047
15.66,153.342
16,356.958
16.15,226.45
16.11,220.038
15.93,178.645
15.81,171.522
15.71,233.495
15.69,154.084
15.8,108.59
15.65,110.769
15.62,107.255
15.8,132.21
15.82,99.488
15.98,136.521
15.95,112.911
15.89,135.045
15.97,134.394
16.1,225.53
16.31,277.901
16.24,100.673
16.1,886.387
15.3,253.184
15.38,153.774
15.44,228.895
15.07,296.966
14.75,271.872
14.81,156.897
14.97,121.054
14.91,134.31
14.99,153.956
14.93,196.111
14.96,122.833
14.92,91.649
14.95,117.497
14.69,126.966
14.71,106.225
14.77,112.714
14.7,97.699
14.76,113.092
14.62,171.344
14.64,147.655
14.98,198.098
15.18,283.376
15.22,166.496
15.61,220.956
15.61,250.241
15.56,146.186
15.59,84.937
15.56,115.008
15.55,118.91
15.48,188.318
15.34,99.338
15.42,155.141
15.51,144.238
15.43,182.15
15.34,209.546
15.26,117.17
15.25,113.354
15.18,152.842
15.08,112.009
15.1,94.875
15.18,153.358
15.04,136.392
15.18,205.59
15.57,365.59
15.57,184.312
15.7,245.584
15.47,216.837
15.52,121.402
15.51,132.369
15.55,125.428
15.62,97.116
15.57,108.946
15.73,97.993
15.77,108.41
15.65,109.327
15.29,137.713
15.49,134.66
15.44,186.036
15.45,190.085
15.54,111.757
15.44,211.343
15.77,308.186
15.55,137.425
15.57,172.474
15.37,173.451
15.87,326.794
16,511.458
15.61,335.42
15.43,181.153
15.51,138.756
15.48,136.29
15.55,184.649
15.34,149.246
15.37,171.6
15.12,161.967
15.03,154.78
15.14,97.254
15.41,182.955
15.5,126.357
15.68,164.206
15.73,171.451
15.52,170.125
15.49,164.541
15.46,116.127
15.44,117.165
15.54,96.54
15.69,106.358
15.75,112.607
15.8,131.027
15.7,110.427
15.55,133.831
15.47,136.404
15.63,112.618
15.48,124.792
15.83,135.018
15.94,72.266
15.99,81.484
15.99,114.408
15.91,121.516
15.84,103.759
15.98,159.339
15.94,164.823
15.81,183.902
15.84,118.116
15.8,149.829
15.89,305.963
15.75,192.706
15.86,159.853
15.94,169.197
15.81,148.258
15.76,197.334
15.64,150.92
15.88,110.332
16.17,142.208
16.15,101.876
16.06,137.538
16.07,140.08
16,129.005
16.03,91.408
16.07,88.039
16.37,172.817
16.32,73.79
16.16,86.131
15.35,619.873
15.21,208.494
15.05,296.552
14.86,206.829
15.01,249.719
15.07,196.407
15.05,111.939
15.01,279.347
14.99,91.684
14.97,124.63
14.94,86.504
14.93,100.54
14.87,127.064
14.94,211.136
14.84,106.988
14.82,116.197
14.98,188.092
15.14,211.188
15.15,180.116
15.29,129.887
15.28,105.201
15.25,80.364
15.55,220.06
15.69,121.363
15.84,176.426
15.84,116.977
16.17,424.496
16.13,306.811
15.86,181.698
15.82,491.67
16.04,230.199
16.09,229.663
15.81,127.841
16.2,244.162
16.09,197.443
16.09,206.019
16.04,136.967
16.24,203.99
16.35,172.839
16.38,92.404
16.16,117.367
16.05,141.1
15.99,145.463
16.02,129.73
16.02,122.391
15.87,207.865
15.98,205.741
16.12,195.705
16.24,263.61
16.03,328.931
15.95,322.88
16.79,715.754
16.8,251.197
16.77,230.808
16.82,233.742
16.89,210.588
17.05,197.649
17.14,275.687
17.43,318.543
17.53,263.212
17.56,243.442
17.5,203.22
17.52,238.321
17.56,223.615
17.85,290.169
18.08,363.989
18.16,356.59
18.02,310.143
18.37,329.959
18.5,262.282
18.5,195.848
18.59,77.148
19,340.427
19.16,293.305
18.95,303.132
19.03,272.598
18.95,240.753
18.84,296.03
18.96,307.256
19.03,247.391
19.28,253.128
19.3,191.597
19.47,241.278
19.63,190.495
19.6,228.992
19.54,204.546
19.72,195.804
19.74,147.603
19.76,170.946
19.69,123.514
19.71,245.728
19.49,327.277
19.66,114.315
19.75,93.762
19.67,139.994
19.57,166.678
19.97,206.451
20.32,204.631
20.1,195.044
19.95,124.896
19.58,238.645
19.68,169.317
19.75,216.467
19.38,306.47
19.38,215.522
19.54,138.284
19.54,160.876
20.14,332.917
20.21,145.006
20.17,135.351
19.95,138.669
20.19,138.579
20.52,137.114
20.48,149.543
20.5,395.101
20.88,576.523
20.12,365.723
19.99,349.737
19.83,276.106
19.81,239.065
19.78,135.598
19.9,153.923
20.43,247.056
20.61,222.497
20.98,220.899
21.4,277.502
21.43,187.979
21.26,128.179
21.25,125.84
21.41,166.658
21.45,144.389
21,132.961
21.31,136.733
21.32,133.349
20.85,140.382
21.31,156.973
21.57,188.737
22.28,337.767
22.74,300.753
23.08,304.974
23.09,151.939
23,128.818
22.96,105.835
23,164.892
22.58,120.123
22.48,139.562
22.75,127.985
22.39,335.574
22.17,150.717
22.33,128.469
22.33,180.941
22.95,247.191
23.26,180.621
23.88,231.389
23.62,168.932
23.83,139.436
23.77,176.119
23.62,123.443
23.9,147.248
23.88,149.343
23.72,125.212
23.41,142.437
23.48,99.981
24,147.739
24.32,172.819
24.57,123.625
24.8,133.428
24.99,281.296
24.26,308.775
24.1,451.486
23.7,258.223
23.63,178.602
23.96,155.397
24.45,167.18
24.97,151.388
25.29,172.891
25.37,195.733
24.91,125.331
24.79,100.912
24.72,110.75
24.97,106.51
25.25,115.139
25.34,119.905
26.79,258.831
26.66,249.608
26.49,111.86
26.86,162.364
26.83,158.08
26.87,148.282
27.68,219.565
27.43,181.923
26.98,148.893
27.05,250.991
27.13,148.89
27.19,160.462
26.27,233.07
26.48,149.671
26.77,190.153
26.04,187.389
26.5,129.162
26.6,239.942
26.62,164.541
26.57,132.183
26.25,142.705
26.21,135.59
27.09,169.487
27.12,158.507
26.88,100.971
26.53,119.208
26.46,97.638
26.55,73.988
26.85,102.897
26.89,97.107
26.78,113.983
26.05,191.155
25.43,245.741
25.09,370.062
25.01,188.839
25.68,125.831
25.98,144.898
25.54,267.743
25.54,106.793
25.5,101.296
25.64,60.591
26.26,110.975
25.99,104.784
26.7,175.678
27.07,151.033
27.19,175.898
27.44,173.153
27.47,166.748
27.45,313.752
29.73,837.914
29.83,350.256
29.72,207.569
28.42,460.464
28.04,259.234
27.92,227.398
28.46,200.006
28.34,119.187
28.33,110.951
28.23,103.378
28.21,209.201
28.45,131.576
28.09,118.634
27.8,78.392
27.75,109.511
27.51,94.507
27.62,89.344
27.7,130.511
28.37,165.619
28.6,148.913
28.21,84.714
27.83,142.171
27.6,148.234
27.44,118.76
27.31,107.072
27.49,87.913
28.01,157.286
28.32,131.929
28.04,97.544
27.46,145.495
27.24,96.031
27.45,139.119
27.44,163.444
27.87,145.911
28.12,88.805
28.35,89.896
28.5,108.075
29.32,211.78
29.63,130.076
29.41,103.746
30.27,220.607
29.47,138.366
30.04,157.487
30,104.997
30.46,155.706
31.05,127.951
31.1,149.254
31.03,157.289
31.66,278.206
32.03,191.466
33,392.337
33.85,317.916
33.75,300.658
34.44,281.809
34.7,216.374
34.36,232.639
35.06,239.502
34.69,154.487
34.5,429.146
33.33,335.097
33.91,234.481
34.37,170.123
34.1,176.14
34.32,427.739
34.11,448.2
33.01,252.297
33.75,246.229
34.35,177.767
34.6,175.491
33.84,159.317
33.31,150.867
32.95,222.9
32.7,183.257
34,293.492
33.48,142.923
33.12,153.019
33.35,152.014
33.66,157.785
33.08,134.711
33.3,108.264
33.05,168.613
33.12,150.828
33.99,158.468
34.52,182.276
35.12,213.594
35.89,214.114
35.94,156.157
36.19,190.7
35.17,149.553
36.22,324.398
36.66,264.25
36.63,132.475
36.85,151.598
36.75,104.583
37.12,104.275
37.35,64.554
37.15,115.73
37.07,140.983
38.15,261.397
39.31,276.62
39.28,222.15
39.2,143.863
40.25,254.797
40.16,209.152
40,161.846
40.2,137.737
40.27,114.391
40,98.42
40.04,168.44
40.38,107.102
40.6,246.372
40.8,74.479
40.95,51.139
41.05,73.646
40.75,61.387
40.58,86.768
40.5,82.914
40.49,215.042
40.44,157.552
40.32,124.675
41.2,141
41.72,186.382
41.35,128.973
41.35,87.217
41.22,160.472
41.14,144.739
41.31,94.755
40.75,163.482
40.44,192.625
40.05,214.364
40.4,129.946
39.77,153.843
38.98,263.09
37.94,267.28
38.32,397.653
36.31,671.905
35.81,322.447
36.33,300.724
36.01,221.952
35.86,210.825
35.94,140.229
36.75,142.5
37.27,161.785
38.13,176.429
38.86,183.48
38.91,140.885
38.69,120.881
38.45,99.758
38.59,120.964
38.33,158.519
38.04,111.559
37.96,123.519
37.71,157.389
37.58,97.569
38.1,157.789
38.48,154.894
39.38,169.571
38.66,147.147
39.79,161.394
40.15,125.368
39.98,106.267
39.91,144.555
38.78,118.192
38.3,125.923
37.61,147.947
38.42,211.797
38.19,308.623
39.36,296.983
39.51,169.347
39.94,193.246
38.47,195.17
38.27,160.442
38.04,295.89
37.07,317.151
36.74,209.388
36.15,219.296
36.73,182.929
36.58,151.532
36.86,157.34
36.86,145.228
36.79,168.278
36.05,410.499
34.37,477.702
34.43,354.861
35,216.512
34.98,340.249
33.48,280.407
34.04,263.226
34.28,506.004
37.3,615.991
36.6,289.327
36.65,166.854
36.85,179.152
36.19,190.517
35.82,172.423
35.1,194.016
35,310.192
35.89,287.36
36.44,233.415
36.69,194.747
37.12,224.541
37.05,131.291
37.17,191.56
35.99,660.627
34.57,304.077
34.1,203.034
34.6,225.206
34.69,124.771
34.65,170.39
34.19,188.798
33.66,188.471
33.99,148.457
34.47,185.967
34.39,138.045
34.86,175.228
35.08,162.944
35.13,130.57
35.17,169.605
35.1,97.808
34.93,131.53
34.95,91.789
34.97,65.575
34.83,94.341
34.99,111.928
36.08,187.072
36.32,143.9
36.52,91.793
36.84,133.215
36.79,124.661
37.06,129.263
35.49,324.323
34.94,244.029
35.01,178.36
35.2,162
34.81,216.058
34.22,262.064
33.99,145.898
33.65,180.744
33.75,160.1
34.55,255.006
35.26,204.501
35.7,186.096
35.91,165.336
36.15,86.049
36.23,157.168
35.66,230.969
35.07,126.269
34.97,180.648
35.56,183.795
35.95,186.805
35.94,363.166
34.45,562.606
33.9,375.359
33.35,215.409
33.64,184.31
33.84,181.536
34.92,386.225
36.55,473.91
36.33,201.438
36.23,146.072
36.16,115.709
36.99,298.767
36.49,179.374
36.08,145.73
36.66,130.972
36.42,176.364
35.94,117.705
36,113.066
35.96,105.937
36.15,86.601
35.99,129.027
36.45,165.323
36.42,89.273
36.57,133.389
37.77,201.532
37.94,170.849
37.75,126.703
37.75,122.549
38.2,148.791
38.22,143.564
37.92,95.168
38.72,248.43
38.57,164.906
38.67,116.341
39.3,198.033
39.6,160.929
39.34,147.633
39.8,262.004
41.82,755.202
42.06,526.83
41.23,307.418
41.56,252.03
43.2,697.455
44.01,724.099
42.96,614.907
42.96,394.955
43.32,937.021
43.19,2338.721
40.04,1092.171
39.27,661.053
40.1,490.141
39.8,359.165
40.8,621.892
41.09,358.833
41.23,303.865
41.24,351.729
40.64,245.844
41.69,381.917
41.73,235.761
41.29,225.383
41.29,265.935
41.25,335.196
41.07,367.715
40.07,388.419
39,385.09
38.08,419.735
38.5,269.985
38.98,241.07
39.4,178.024
40.48,419.552
42.88,693.489
42.83,306.534
43.65,338.058
44.82,365.965
46.15,368.349
45.98,253.891
45.84,162.055
46.52,184.468
46.72,171.815
47.13,250.515
48.28,330.215
47.98,226.36
48.67,241.667
49.63,247.303
49.18,315.863
50.63,305.647
51.17,355.134
51.95,288.247
52.42,383.928
52.62,268.473
51.37,292.6
52.23,289.16
52.25,222.253
51.83,146.435
52.19,142.196
52.26,134.285
52,89.137
51.43,231.469
51.12,160.999
50.97,142.36
50.67,121.367
51.25,154.181
50.9,181.901
50.53,196.556
50.69,161.841
50.58,211.002
51.17,203.705
50.92,181.325
50.08,213.993
50.25,171.123
51.15,153.389
51.47,241.102
51.6,240.211
51.46,155.14
50.92,59.619
51.06,51.697
51.01,66.245
51.27,107.035
51.68,93.05
50.78,119.245
49.88,143.893
49.88,162.043
49.64,117.88
50.23,147.048
50.41,74.628
49.93,101.707
49.48,216.052
48.09,159.116
47.75,171.26
46.59,146.818
47.89,158.459
48.38,163.051
49.08,126.474
49.23,142.943
49.79,189.764
49.28,457.772
50.32,848.397
43.8,743.701
44.85,360.336
44.76,203.057
45.25,169.859
44.98,162.814
44.26,184.145
43.66,160.051
43.15,155.076
43.18,121.608
43.26,97.911
44.16,181.582
44.59,137.858
44.54,127.984
43.82,104.107
44.42,133.01
44.36,120.362
43.99,121.291
43.52,97.975
44.72,179.229
44.76,92.238
44.57,100.442
44.43,110.273
43.95,223.924
44.38,300.985
44.31,118.677
44.24,118.88
43.93,118.019
42.92,106.007
42.99,100.073
43.36,83.848
42.98,90.87
43.88,113.764
44.16,96.562
44.71,189.199
45.45,147.58
45.58,141.942
45.54,82.688
44.78,75.591
44.93,140.369
44.67,161.629
45.67,205.635
45.42,88.843
45.2,104.155
44.6,147.223
44.36,122.294
44.03,107.17
44.22,113.82
45.19,160.71
46.17,136.78
45.79,84.364
45.59,88.373
45.64,123.658
45.83,150.396
46.13,138.331
45.44,135.916
44.91,102.287
45.18,186.179
44.85,322.843
44.06,142.989
44.71,112.811
45.1,108.554
44.57,71.971
44.05,127.126
43.31,142.579
42.68,104.573
42.55,144.552
42,192.785
41.73,139.21
44.98,281.942
44.55,156.994
44.14,115.026
44.31,142.263
44.67,109.821
44.99,100.981
45.07,77.519
44.57,82.788
44.66,412.83
43.04,543.837
43.87,303.723
44,102.717
43.5,127.762
43.44,136.719
43.42,109.884
43.59,109.015
43.63,111.507
43.62,88.639
43.78,118.841
43.44,80.554
43.26,83.076
